game_id,quarter,time_remaining,team,opponent,down,togo,yards_gained,play_type,is_explosive
2025_01_MIN_CHI,1.0,765.0,CHI,MIN,1.0,10.0,3.0,pass,False
2025_01_MIN_CHI,1.0,735.0,CHI,MIN,2.0,7.0,8.0,pass,False
2025_01_MIN_CHI,1.0,689.0,CHI,MIN,1.0,10.0,4.0,run,False
2025_01_MIN_CHI,1.0,647.0,CHI,MIN,2.0,6.0,11.0,pass,False
2025_01_MIN_CHI,1.0,613.0,CHI,MIN,1.0,10.0,5.0,pass,False
2025_01_MIN_CHI,1.0,574.0,CHI,MIN,2.0,5.0,0.0,run,False
2025_01_MIN_CHI,1.0,530.0,CHI,MIN,3.0,5.0,17.0,pass,False
2025_01_MIN_CHI,1.0,509.0,CHI,MIN,1.0,10.0,7.0,pass,False
2025_01_MIN_CHI,1.0,472.0,CHI,MIN,2.0,3.0,-3.0,run,False
2025_01_MIN_CHI,1.0,432.0,CHI,MIN,3.0,6.0,9.0,run,False
2025_01_MIN_CHI,1.0,291.0,CHI,MIN,1.0,10.0,1.0,pass,False
2025_01_MIN_CHI,1.0,247.0,CHI,MIN,2.0,9.0,12.0,run,True
2025_01_MIN_CHI,1.0,202.0,CHI,MIN,1.0,10.0,5.0,run,False
2025_01_MIN_CHI,1.0,142.0,CHI,MIN,2.0,10.0,8.0,pass,False
2025_01_MIN_CHI,1.0,105.0,CHI,MIN,3.0,2.0,-4.0,pass,False
2025_01_MIN_CHI,2.0,761.0,CHI,MIN,1.0,10.0,30.0,pass,True
2025_01_MIN_CHI,2.0,710.0,CHI,MIN,1.0,10.0,1.0,run,False
2025_01_MIN_CHI,2.0,647.0,CHI,MIN,2.0,14.0,9.0,run,False
2025_01_MIN_CHI,2.0,580.0,CHI,MIN,3.0,10.0,7.0,run,False
2025_01_MIN_CHI,2.0,539.0,CHI,MIN,4.0,3.0,0.0,pass,False
2025_01_MIN_CHI,2.0,412.0,CHI,MIN,1.0,10.0,0.0,pass,False
2025_01_MIN_CHI,2.0,407.0,CHI,MIN,2.0,10.0,0.0,pass,False
2025_01_MIN_CHI,2.0,401.0,CHI,MIN,3.0,10.0,2.0,run,False
2025_01_MIN_CHI,2.0,269.0,CHI,MIN,1.0,10.0,4.0,run,False
2025_01_MIN_CHI,2.0,206.0,CHI,MIN,2.0,11.0,16.0,pass,False
2025_01_MIN_CHI,2.0,168.0,CHI,MIN,1.0,10.0,3.0,run,False
2025_01_MIN_CHI,2.0,129.0,CHI,MIN,2.0,7.0,2.0,run,False
2025_01_MIN_CHI,2.0,120.0,CHI,MIN,3.0,5.0,7.0,pass,False
2025_01_MIN_CHI,2.0,115.0,CHI,MIN,1.0,10.0,3.0,run,False
2025_01_MIN_CHI,2.0,78.0,CHI,MIN,2.0,7.0,2.0,run,False
2025_01_MIN_CHI,2.0,35.0,CHI,MIN,3.0,5.0,3.0,pass,False
2025_01_MIN_CHI,3.0,894.0,CHI,MIN,1.0,10.0,0.0,pass,False
2025_01_MIN_CHI,3.0,889.0,CHI,MIN,2.0,10.0,0.0,pass,False
2025_01_MIN_CHI,3.0,884.0,CHI,MIN,3.0,10.0,0.0,pass,False
2025_01_MIN_CHI,3.0,608.0,CHI,MIN,1.0,10.0,0.0,run,False
2025_01_MIN_CHI,3.0,569.0,CHI,MIN,2.0,10.0,22.0,pass,True
2025_01_MIN_CHI,3.0,534.0,CHI,MIN,1.0,10.0,-3.0,pass,False
2025_01_MIN_CHI,3.0,495.0,CHI,MIN,2.0,13.0,0.0,pass,False
2025_01_MIN_CHI,3.0,491.0,CHI,MIN,3.0,13.0,4.0,pass,False
2025_01_MIN_CHI,3.0,346.0,CHI,MIN,1.0,10.0,9.0,run,False
2025_01_MIN_CHI,3.0,304.0,CHI,MIN,2.0,1.0,2.0,run,False
2025_01_MIN_CHI,3.0,258.0,CHI,MIN,1.0,10.0,4.0,run,False
2025_01_MIN_CHI,3.0,227.0,CHI,MIN,2.0,6.0,13.0,run,True
2025_01_MIN_CHI,3.0,192.0,CHI,MIN,1.0,10.0,1.0,run,False
2025_01_MIN_CHI,3.0,152.0,CHI,MIN,2.0,9.0,13.0,run,True
2025_01_MIN_CHI,3.0,94.0,CHI,MIN,1.0,5.0,5.0,run,False
2025_01_MIN_CHI,3.0,19.0,CHI,MIN,1.0,20.0,0.0,pass,False
2025_01_MIN_CHI,3.0,15.0,CHI,MIN,2.0,20.0,0.0,pass,False
2025_01_MIN_CHI,3.0,5.0,CHI,MIN,3.0,30.0,12.0,pass,False
2025_01_MIN_CHI,4.0,729.0,CHI,MIN,1.0,10.0,-8.0,pass,False
2025_01_MIN_CHI,4.0,693.0,CHI,MIN,2.0,18.0,-1.0,run,False
2025_01_MIN_CHI,4.0,653.0,CHI,MIN,3.0,19.0,0.0,pass,False
2025_01_MIN_CHI,4.0,586.0,CHI,MIN,1.0,10.0,0.0,run,False
2025_01_MIN_CHI,4.0,545.0,CHI,MIN,2.0,10.0,12.0,pass,False
2025_01_MIN_CHI,4.0,504.0,CHI,MIN,1.0,10.0,-4.0,pass,False
2025_01_MIN_CHI,4.0,468.0,CHI,MIN,2.0,14.0,0.0,pass,False
2025_01_MIN_CHI,4.0,462.0,CHI,MIN,3.0,14.0,0.0,pass,False
2025_01_MIN_CHI,4.0,173.0,CHI,MIN,1.0,10.0,31.0,pass,True
2025_01_MIN_CHI,4.0,152.0,CHI,MIN,1.0,10.0,0.0,pass,False
2025_01_MIN_CHI,4.0,146.0,CHI,MIN,2.0,10.0,0.0,pass,False
2025_01_MIN_CHI,4.0,132.0,CHI,MIN,1.0,10.0,13.0,run,True
2025_01_MIN_CHI,4.0,125.0,CHI,MIN,1.0,1.0,1.0,pass,False
2025_01_MIN_CHI,4.0,5.0,CHI,MIN,1.0,15.0,19.0,pass,False
2025_02_CHI_DET,1.0,726.0,CHI,DET,1.0,10.0,5.0,run,False
2025_02_CHI_DET,1.0,703.0,CHI,DET,2.0,5.0,1.0,pass,False
2025_02_CHI_DET,1.0,658.0,CHI,DET,3.0,4.0,6.0,pass,False
2025_02_CHI_DET,1.0,613.0,CHI,DET,1.0,15.0,20.0,run,True
2025_02_CHI_DET,1.0,587.0,CHI,DET,1.0,10.0,18.0,pass,False
2025_02_CHI_DET,1.0,561.0,CHI,DET,1.0,10.0,1.0,pass,False
2025_02_CHI_DET,1.0,523.0,CHI,DET,2.0,9.0,0.0,pass,False
2025_02_CHI_DET,1.0,518.0,CHI,DET,3.0,9.0,28.0,pass,True
2025_02_CHI_DET,1.0,412.0,CHI,DET,1.0,10.0,1.0,run,False
2025_02_CHI_DET,1.0,380.0,CHI,DET,2.0,9.0,1.0,run,False
2025_02_CHI_DET,1.0,354.0,CHI,DET,3.0,8.0,6.0,pass,False
2025_02_CHI_DET,1.0,153.0,CHI,DET,1.0,10.0,4.0,pass,False
2025_02_CHI_DET,1.0,131.0,CHI,DET,2.0,6.0,12.0,run,True
2025_02_CHI_DET,1.0,104.0,CHI,DET,1.0,10.0,0.0,pass,False
2025_02_CHI_DET,1.0,97.0,CHI,DET,2.0,10.0,12.0,pass,False
2025_02_CHI_DET,1.0,73.0,CHI,DET,1.0,10.0,3.0,pass,False
2025_02_CHI_DET,1.0,38.0,CHI,DET,2.0,7.0,1.0,run,False
2025_02_CHI_DET,2.0,880.0,CHI,DET,1.0,10.0,9.0,run,False
2025_02_CHI_DET,2.0,853.0,CHI,DET,2.0,1.0,0.0,pass,False
2025_02_CHI_DET,2.0,847.0,CHI,DET,3.0,1.0,0.0,run,False
2025_02_CHI_DET,2.0,799.0,CHI,DET,4.0,1.0,0.0,run,False
2025_02_CHI_DET,2.0,717.0,CHI,DET,1.0,10.0,7.0,run,False
2025_02_CHI_DET,2.0,688.0,CHI,DET,2.0,3.0,7.0,pass,False
2025_02_CHI_DET,2.0,641.0,CHI,DET,1.0,20.0,3.0,run,False
2025_02_CHI_DET,2.0,596.0,CHI,DET,2.0,32.0,0.0,pass,False
2025_02_CHI_DET,2.0,282.0,CHI,DET,1.0,10.0,0.0,pass,False
2025_02_CHI_DET,2.0,278.0,CHI,DET,2.0,10.0,21.0,pass,True
2025_02_CHI_DET,2.0,253.0,CHI,DET,1.0,10.0,15.0,pass,False
2025_02_CHI_DET,2.0,226.0,CHI,DET,1.0,10.0,8.0,pass,False
2025_02_CHI_DET,2.0,187.0,CHI,DET,2.0,2.0,-1.0,run,False
2025_02_CHI_DET,2.0,142.0,CHI,DET,3.0,3.0,8.0,run,False
2025_02_CHI_DET,2.0,120.0,CHI,DET,1.0,6.0,6.0,pass,False
2025_02_CHI_DET,3.0,895.0,CHI,DET,1.0,15.0,4.0,run,False
2025_02_CHI_DET,3.0,873.0,CHI,DET,2.0,11.0,2.0,run,False
2025_02_CHI_DET,3.0,835.0,CHI,DET,3.0,9.0,0.0,pass,False
2025_02_CHI_DET,3.0,633.0,CHI,DET,1.0,10.0,10.0,run,True
2025_02_CHI_DET,3.0,604.0,CHI,DET,1.0,10.0,4.0,run,False
2025_02_CHI_DET,3.0,573.0,CHI,DET,2.0,6.0,-8.0,pass,False
2025_02_CHI_DET,3.0,539.0,CHI,DET,3.0,14.0,9.0,run,False
2025_02_CHI_DET,3.0,465.0,CHI,DET,4.0,5.0,0.0,pass,False
2025_02_CHI_DET,3.0,377.0,CHI,DET,1.0,10.0,0.0,pass,False
2025_02_CHI_DET,3.0,372.0,CHI,DET,2.0,10.0,15.0,pass,False
2025_02_CHI_DET,3.0,316.0,CHI,DET,1.0,25.0,-9.0,pass,False
2025_02_CHI_DET,3.0,283.0,CHI,DET,2.0,34.0,0.0,pass,False
2025_02_CHI_DET,3.0,277.0,CHI,DET,3.0,34.0,0.0,pass,False
2025_02_CHI_DET,4.0,896.0,CHI,DET,1.0,10.0,2.0,pass,False
2025_02_CHI_DET,4.0,872.0,CHI,DET,2.0,8.0,-7.0,pass,False
2025_02_CHI_DET,4.0,829.0,CHI,DET,3.0,15.0,37.0,pass,True
2025_02_CHI_DET,4.0,802.0,CHI,DET,1.0,10.0,8.0,pass,False
2025_02_CHI_DET,4.0,777.0,CHI,DET,2.0,2.0,-5.0,pass,False
2025_02_CHI_DET,4.0,735.0,CHI,DET,1.0,10.0,0.0,pass,False
2025_02_CHI_DET,4.0,730.0,CHI,DET,2.0,10.0,9.0,pass,False
2025_02_CHI_DET,4.0,707.0,CHI,DET,3.0,1.0,3.0,run,False
2025_02_CHI_DET,4.0,473.0,CHI,DET,1.0,10.0,0.0,run,False
2025_02_CHI_DET,4.0,433.0,CHI,DET,2.0,10.0,0.0,run,False
2025_02_CHI_DET,4.0,406.0,CHI,DET,3.0,9.0,5.0,pass,False
2025_02_CHI_DET,4.0,241.0,CHI,DET,1.0,10.0,7.0,run,False
2025_02_CHI_DET,4.0,235.0,CHI,DET,2.0,3.0,10.0,run,True
2025_02_CHI_DET,4.0,192.0,CHI,DET,1.0,10.0,0.0,pass,False
2025_02_CHI_DET,4.0,186.0,CHI,DET,2.0,10.0,3.0,run,False
2025_02_CHI_DET,4.0,143.0,CHI,DET,3.0,7.0,22.0,pass,True
2025_02_CHI_DET,4.0,120.0,CHI,DET,1.0,10.0,3.0,run,False
2025_02_CHI_DET,4.0,80.0,CHI,DET,2.0,7.0,3.0,run,False
2025_02_CHI_DET,4.0,40.0,CHI,DET,3.0,4.0,10.0,run,True
2025_03_DAL_CHI,1.0,894.0,CHI,DAL,1.0,10.0,0.0,pass,False
2025_03_DAL_CHI,1.0,888.0,CHI,DAL,2.0,10.0,-4.0,run,False
2025_03_DAL_CHI,1.0,848.0,CHI,DAL,3.0,14.0,2.0,pass,False
2025_03_DAL_CHI,1.0,751.0,CHI,DAL,1.0,10.0,3.0,run,False
2025_03_DAL_CHI,1.0,727.0,CHI,DAL,1.0,10.0,31.0,pass,True
2025_03_DAL_CHI,1.0,686.0,CHI,DAL,1.0,10.0,0.0,pass,False
2025_03_DAL_CHI,1.0,681.0,CHI,DAL,2.0,10.0,2.0,pass,False
2025_03_DAL_CHI,1.0,640.0,CHI,DAL,3.0,8.0,35.0,pass,True
2025_03_DAL_CHI,1.0,261.0,CHI,DAL,1.0,10.0,65.0,pass,True
2025_03_DAL_CHI,2.0,796.0,CHI,DAL,1.0,20.0,0.0,pass,False
2025_03_DAL_CHI,2.0,791.0,CHI,DAL,2.0,20.0,11.0,pass,False
2025_03_DAL_CHI,2.0,746.0,CHI,DAL,3.0,9.0,0.0,pass,False
2025_03_DAL_CHI,2.0,477.0,CHI,DAL,1.0,10.0,6.0,run,False
2025_03_DAL_CHI,2.0,424.0,CHI,DAL,2.0,9.0,0.0,run,False
2025_03_DAL_CHI,2.0,387.0,CHI,DAL,3.0,9.0,41.0,pass,True
2025_03_DAL_CHI,2.0,346.0,CHI,DAL,1.0,10.0,12.0,run,True
2025_03_DAL_CHI,2.0,301.0,CHI,DAL,1.0,10.0,0.0,run,False
2025_03_DAL_CHI,2.0,267.0,CHI,DAL,2.0,10.0,0.0,pass,False
2025_03_DAL_CHI,2.0,264.0,CHI,DAL,3.0,10.0,0.0,pass,False
2025_03_DAL_CHI,2.0,145.0,CHI,DAL,1.0,10.0,5.0,run,False
2025_03_DAL_CHI,2.0,120.0,CHI,DAL,2.0,5.0,6.0,run,False
2025_03_DAL_CHI,2.0,88.0,CHI,DAL,1.0,10.0,4.0,run,False
2025_03_DAL_CHI,2.0,84.0,CHI,DAL,2.0,6.0,4.0,run,False
2025_03_DAL_CHI,2.0,48.0,CHI,DAL,3.0,2.0,13.0,pass,False
2025_03_DAL_CHI,2.0,43.0,CHI,DAL,1.0,10.0,29.0,pass,True
2025_03_DAL_CHI,2.0,30.0,CHI,DAL,1.0,10.0,10.0,pass,False
2025_03_DAL_CHI,3.0,603.0,CHI,DAL,1.0,10.0,11.0,run,True
2025_03_DAL_CHI,3.0,569.0,CHI,DAL,1.0,10.0,0.0,pass,False
2025_03_DAL_CHI,3.0,563.0,CHI,DAL,2.0,10.0,0.0,pass,False
2025_03_DAL_CHI,3.0,559.0,CHI,DAL,3.0,10.0,12.0,pass,False
2025_03_DAL_CHI,3.0,521.0,CHI,DAL,1.0,10.0,9.0,pass,False
2025_03_DAL_CHI,3.0,490.0,CHI,DAL,2.0,1.0,0.0,run,False
2025_03_DAL_CHI,3.0,456.0,CHI,DAL,3.0,1.0,2.0,run,False
2025_03_DAL_CHI,3.0,430.0,CHI,DAL,1.0,10.0,7.0,run,False
2025_03_DAL_CHI,3.0,397.0,CHI,DAL,2.0,3.0,4.0,run,False
2025_03_DAL_CHI,3.0,354.0,CHI,DAL,1.0,10.0,2.0,run,False
2025_03_DAL_CHI,3.0,311.0,CHI,DAL,2.0,8.0,4.0,run,False
2025_03_DAL_CHI,3.0,270.0,CHI,DAL,3.0,4.0,7.0,run,False
2025_03_DAL_CHI,3.0,226.0,CHI,DAL,1.0,10.0,5.0,run,False
2025_03_DAL_CHI,3.0,184.0,CHI,DAL,2.0,5.0,4.0,run,False
2025_03_DAL_CHI,3.0,160.0,CHI,DAL,3.0,1.0,2.0,run,False
2025_03_DAL_CHI,3.0,119.0,CHI,DAL,1.0,7.0,-8.0,run,False
2025_03_DAL_CHI,3.0,100.0,CHI,DAL,2.0,15.0,4.0,pass,False
2025_03_DAL_CHI,3.0,53.0,CHI,DAL,3.0,11.0,7.0,pass,False
2025_03_DAL_CHI,3.0,14.0,CHI,DAL,4.0,4.0,4.0,pass,False
2025_03_DAL_CHI,4.0,812.0,CHI,DAL,1.0,10.0,14.0,pass,False
2025_03_DAL_CHI,4.0,768.0,CHI,DAL,1.0,10.0,-4.0,pass,False
2025_03_DAL_CHI,4.0,723.0,CHI,DAL,2.0,14.0,8.0,run,False
2025_03_DAL_CHI,4.0,678.0,CHI,DAL,3.0,6.0,7.0,pass,False
2025_03_DAL_CHI,4.0,634.0,CHI,DAL,1.0,10.0,2.0,run,False
2025_03_DAL_CHI,4.0,597.0,CHI,DAL,2.0,8.0,2.0,run,False
2025_03_DAL_CHI,4.0,552.0,CHI,DAL,3.0,6.0,0.0,pass,False
2025_03_DAL_CHI,4.0,287.0,CHI,DAL,1.0,10.0,5.0,run,False
2025_03_DAL_CHI,4.0,281.0,CHI,DAL,2.0,5.0,-4.0,run,False
2025_03_DAL_CHI,4.0,276.0,CHI,DAL,3.0,9.0,6.0,pass,False
2025_04_CHI_LV,1.0,893.0,CHI,LV,1.0,10.0,2.0,run,False
2025_04_CHI_LV,1.0,856.0,CHI,LV,2.0,8.0,5.0,pass,False
2025_04_CHI_LV,1.0,811.0,CHI,LV,3.0,3.0,0.0,pass,False
2025_04_CHI_LV,1.0,648.0,CHI,LV,1.0,10.0,-4.0,run,False
2025_04_CHI_LV,1.0,607.0,CHI,LV,2.0,14.0,0.0,pass,False
2025_04_CHI_LV,1.0,601.0,CHI,LV,3.0,14.0,0.0,pass,False
2025_04_CHI_LV,1.0,434.0,CHI,LV,1.0,10.0,1.0,run,False
2025_04_CHI_LV,1.0,394.0,CHI,LV,2.0,9.0,4.0,run,False
2025_04_CHI_LV,1.0,357.0,CHI,LV,3.0,5.0,6.0,pass,False
2025_04_CHI_LV,1.0,313.0,CHI,LV,1.0,9.0,-4.0,run,False
2025_04_CHI_LV,1.0,270.0,CHI,LV,2.0,13.0,0.0,pass,False
2025_04_CHI_LV,1.0,264.0,CHI,LV,3.0,13.0,0.0,pass,False
2025_04_CHI_LV,2.0,900.0,CHI,LV,1.0,15.0,4.0,pass,False
2025_04_CHI_LV,2.0,863.0,CHI,LV,2.0,11.0,10.0,pass,False
2025_04_CHI_LV,2.0,820.0,CHI,LV,3.0,1.0,0.0,pass,False
2025_04_CHI_LV,2.0,813.0,CHI,LV,4.0,1.0,7.0,pass,False
2025_04_CHI_LV,2.0,783.0,CHI,LV,1.0,10.0,29.0,pass,True
2025_04_CHI_LV,2.0,735.0,CHI,LV,1.0,10.0,0.0,pass,False
2025_04_CHI_LV,2.0,729.0,CHI,LV,2.0,10.0,-6.0,run,False
2025_04_CHI_LV,2.0,679.0,CHI,LV,3.0,16.0,-10.0,pass,False
2025_04_CHI_LV,2.0,528.0,CHI,LV,1.0,10.0,7.0,run,False
2025_04_CHI_LV,2.0,494.0,CHI,LV,2.0,3.0,-4.0,pass,False
2025_04_CHI_LV,2.0,455.0,CHI,LV,3.0,7.0,7.0,pass,False
2025_04_CHI_LV,2.0,411.0,CHI,LV,1.0,10.0,-2.0,run,False
2025_04_CHI_LV,2.0,369.0,CHI,LV,2.0,12.0,0.0,run,False
2025_04_CHI_LV,2.0,334.0,CHI,LV,3.0,12.0,3.0,pass,False
2025_04_CHI_LV,2.0,306.0,CHI,LV,3.0,19.0,-2.0,run,False
2025_04_CHI_LV,2.0,235.0,CHI,LV,1.0,10.0,0.0,pass,False
2025_04_CHI_LV,2.0,230.0,CHI,LV,2.0,10.0,13.0,pass,False
2025_04_CHI_LV,2.0,187.0,CHI,LV,1.0,10.0,3.0,pass,False
2025_04_CHI_LV,2.0,146.0,CHI,LV,2.0,7.0,5.0,run,False
2025_04_CHI_LV,2.0,120.0,CHI,LV,3.0,2.0,15.0,pass,False
2025_04_CHI_LV,2.0,114.0,CHI,LV,1.0,10.0,1.0,run,False
2025_04_CHI_LV,2.0,75.0,CHI,LV,2.0,9.0,0.0,pass,False
2025_04_CHI_LV,2.0,63.0,CHI,LV,3.0,9.0,0.0,pass,False
2025_04_CHI_LV,3.0,882.0,CHI,LV,1.0,10.0,3.0,run,False
2025_04_CHI_LV,3.0,861.0,CHI,LV,1.0,22.0,0.0,pass,False
2025_04_CHI_LV,3.0,853.0,CHI,LV,2.0,22.0,17.0,pass,False
2025_04_CHI_LV,3.0,808.0,CHI,LV,3.0,5.0,10.0,pass,False
2025_04_CHI_LV,3.0,772.0,CHI,LV,1.0,10.0,3.0,run,False
2025_04_CHI_LV,3.0,714.0,CHI,LV,2.0,12.0,0.0,pass,False
2025_04_CHI_LV,3.0,704.0,CHI,LV,3.0,12.0,27.0,pass,True
2025_04_CHI_LV,3.0,317.0,CHI,LV,1.0,10.0,7.0,run,False
2025_04_CHI_LV,3.0,271.0,CHI,LV,2.0,3.0,0.0,pass,False
2025_04_CHI_LV,3.0,262.0,CHI,LV,3.0,3.0,2.0,run,False
2025_04_CHI_LV,3.0,67.0,CHI,LV,1.0,10.0,0.0,pass,False
2025_04_CHI_LV,3.0,29.0,CHI,LV,2.0,10.0,9.0,run,False
2025_04_CHI_LV,4.0,900.0,CHI,LV,3.0,1.0,13.0,run,True
2025_04_CHI_LV,4.0,838.0,CHI,LV,1.0,20.0,13.0,pass,False
2025_04_CHI_LV,4.0,793.0,CHI,LV,1.0,10.0,5.0,pass,False
2025_04_CHI_LV,4.0,751.0,CHI,LV,2.0,5.0,0.0,pass,False
2025_04_CHI_LV,4.0,747.0,CHI,LV,3.0,5.0,0.0,run,False
2025_04_CHI_LV,4.0,399.0,CHI,LV,1.0,10.0,5.0,pass,False
2025_04_CHI_LV,4.0,362.0,CHI,LV,2.0,5.0,7.0,run,False
2025_04_CHI_LV,4.0,329.0,CHI,LV,1.0,10.0,13.0,pass,False
2025_04_CHI_LV,4.0,290.0,CHI,LV,1.0,10.0,7.0,pass,False
2025_04_CHI_LV,4.0,248.0,CHI,LV,2.0,7.0,12.0,run,True
2025_04_CHI_LV,4.0,201.0,CHI,LV,1.0,10.0,-1.0,run,False
2025_04_CHI_LV,4.0,162.0,CHI,LV,2.0,11.0,17.0,pass,False
2025_04_CHI_LV,4.0,120.0,CHI,LV,1.0,10.0,0.0,pass,False
2025_04_CHI_LV,4.0,113.0,CHI,LV,2.0,10.0,6.0,run,False
2025_04_CHI_LV,4.0,105.0,CHI,LV,3.0,4.0,5.0,run,False
2025_04_CHI_LV,4.0,99.0,CHI,LV,1.0,2.0,2.0,run,False
2025_04_CHI_LV,4.0,94.0,CHI,LV,0.0,0.0,0.0,pass,False
2025_06_CHI_WAS,1.0,895.0,CHI,WAS,1.0,10.0,2.0,run,False
2025_06_CHI_WAS,1.0,862.0,CHI,WAS,2.0,8.0,10.0,pass,False
2025_06_CHI_WAS,1.0,823.0,CHI,WAS,1.0,10.0,4.0,pass,False
2025_06_CHI_WAS,1.0,790.0,CHI,WAS,2.0,6.0,7.0,run,False
2025_06_CHI_WAS,1.0,756.0,CHI,WAS,1.0,10.0,12.0,pass,False
2025_06_CHI_WAS,1.0,722.0,CHI,WAS,1.0,10.0,6.0,run,False
2025_06_CHI_WAS,1.0,688.0,CHI,WAS,2.0,4.0,0.0,run,False
2025_06_CHI_WAS,1.0,648.0,CHI,WAS,3.0,4.0,0.0,pass,False
2025_06_CHI_WAS,1.0,366.0,CHI,WAS,1.0,10.0,0.0,pass,False
2025_06_CHI_WAS,1.0,359.0,CHI,WAS,2.0,10.0,13.0,pass,False
2025_06_CHI_WAS,1.0,323.0,CHI,WAS,1.0,10.0,4.0,run,False
2025_06_CHI_WAS,1.0,292.0,CHI,WAS,2.0,6.0,17.0,pass,False
2025_06_CHI_WAS,1.0,255.0,CHI,WAS,1.0,10.0,0.0,pass,False
2025_06_CHI_WAS,1.0,191.0,CHI,WAS,2.0,20.0,0.0,pass,False
2025_06_CHI_WAS,1.0,189.0,CHI,WAS,3.0,20.0,12.0,pass,False
2025_06_CHI_WAS,1.0,119.0,CHI,WAS,1.0,10.0,11.0,pass,False
2025_06_CHI_WAS,1.0,85.0,CHI,WAS,1.0,10.0,5.0,run,False
2025_06_CHI_WAS,1.0,43.0,CHI,WAS,2.0,5.0,12.0,run,True
2025_06_CHI_WAS,2.0,900.0,CHI,WAS,1.0,7.0,6.0,run,False
2025_06_CHI_WAS,2.0,862.0,CHI,WAS,2.0,1.0,1.0,run,False
2025_06_CHI_WAS,2.0,562.0,CHI,WAS,1.0,10.0,4.0,run,False
2025_06_CHI_WAS,2.0,531.0,CHI,WAS,2.0,6.0,19.0,run,True
2025_06_CHI_WAS,2.0,497.0,CHI,WAS,1.0,10.0,6.0,run,False
2025_06_CHI_WAS,2.0,456.0,CHI,WAS,2.0,4.0,1.0,pass,False
2025_06_CHI_WAS,2.0,423.0,CHI,WAS,3.0,3.0,4.0,run,False
2025_06_CHI_WAS,2.0,386.0,CHI,WAS,1.0,10.0,0.0,pass,False
2025_06_CHI_WAS,2.0,383.0,CHI,WAS,2.0,10.0,0.0,pass,False
2025_06_CHI_WAS,2.0,380.0,CHI,WAS,3.0,10.0,9.0,run,False
2025_06_CHI_WAS,2.0,335.0,CHI,WAS,4.0,1.0,0.0,pass,False
2025_06_CHI_WAS,2.0,70.0,CHI,WAS,1.0,10.0,0.0,pass,False
2025_06_CHI_WAS,2.0,65.0,CHI,WAS,2.0,10.0,5.0,pass,False
2025_06_CHI_WAS,2.0,35.0,CHI,WAS,3.0,5.0,-7.0,pass,False
2025_06_CHI_WAS,3.0,714.0,CHI,WAS,1.0,10.0,0.0,pass,False
2025_06_CHI_WAS,3.0,693.0,CHI,WAS,1.0,10.0,7.0,run,False
2025_06_CHI_WAS,3.0,664.0,CHI,WAS,2.0,3.0,21.0,pass,True
2025_06_CHI_WAS,3.0,618.0,CHI,WAS,1.0,10.0,37.0,pass,True
2025_06_CHI_WAS,3.0,574.0,CHI,WAS,1.0,10.0,4.0,run,False
2025_06_CHI_WAS,3.0,541.0,CHI,WAS,2.0,6.0,0.0,pass,False
2025_06_CHI_WAS,3.0,533.0,CHI,WAS,3.0,11.0,-7.0,pass,False
2025_06_CHI_WAS,3.0,172.0,CHI,WAS,1.0,10.0,4.0,run,False
2025_06_CHI_WAS,3.0,131.0,CHI,WAS,2.0,6.0,14.0,run,True
2025_06_CHI_WAS,3.0,98.0,CHI,WAS,1.0,10.0,25.0,pass,True
2025_06_CHI_WAS,3.0,48.0,CHI,WAS,1.0,10.0,0.0,pass,False
2025_06_CHI_WAS,3.0,42.0,CHI,WAS,2.0,10.0,9.0,pass,False
2025_06_CHI_WAS,3.0,1.0,CHI,WAS,3.0,1.0,-5.0,run,False
2025_06_CHI_WAS,4.0,680.0,CHI,WAS,1.0,10.0,6.0,run,False
2025_06_CHI_WAS,4.0,644.0,CHI,WAS,2.0,4.0,0.0,pass,False
2025_06_CHI_WAS,4.0,636.0,CHI,WAS,3.0,4.0,55.0,pass,True
2025_06_CHI_WAS,4.0,626.0,CHI,WAS,0.0,0.0,0.0,pass,False
2025_06_CHI_WAS,4.0,452.0,CHI,WAS,1.0,14.0,-2.0,run,False
2025_06_CHI_WAS,4.0,411.0,CHI,WAS,2.0,16.0,0.0,pass,False
2025_06_CHI_WAS,4.0,407.0,CHI,WAS,3.0,16.0,14.0,pass,False
2025_06_CHI_WAS,4.0,187.0,CHI,WAS,1.0,10.0,2.0,run,False
2025_06_CHI_WAS,4.0,151.0,CHI,WAS,2.0,8.0,3.0,run,False
2025_06_CHI_WAS,4.0,120.0,CHI,WAS,3.0,5.0,6.0,pass,False
2025_06_CHI_WAS,4.0,91.0,CHI,WAS,1.0,10.0,4.0,run,False
2025_06_CHI_WAS,4.0,87.0,CHI,WAS,2.0,6.0,10.0,run,True
2025_06_CHI_WAS,4.0,82.0,CHI,WAS,1.0,10.0,-2.0,pass,False
2025_06_CHI_WAS,4.0,74.0,CHI,WAS,2.0,12.0,15.0,run,True
2025_07_NO_CHI,1.0,900.0,CHI,NO,1.0,10.0,5.0,run,False
2025_07_NO_CHI,1.0,865.0,CHI,NO,2.0,5.0,0.0,pass,False
2025_07_NO_CHI,1.0,862.0,CHI,NO,3.0,10.0,6.0,pass,False
2025_07_NO_CHI,1.0,775.0,CHI,NO,1.0,10.0,0.0,run,False
2025_07_NO_CHI,1.0,739.0,CHI,NO,2.0,12.0,14.0,run,True
2025_07_NO_CHI,1.0,699.0,CHI,NO,1.0,10.0,3.0,run,False
2025_07_NO_CHI,1.0,662.0,CHI,NO,2.0,7.0,3.0,pass,False
2025_07_NO_CHI,1.0,626.0,CHI,NO,3.0,4.0,0.0,run,False
2025_07_NO_CHI,1.0,478.0,CHI,NO,1.0,10.0,16.0,pass,False
2025_07_NO_CHI,1.0,439.0,CHI,NO,1.0,10.0,3.0,run,False
2025_07_NO_CHI,1.0,377.0,CHI,NO,2.0,17.0,0.0,pass,False
2025_07_NO_CHI,1.0,373.0,CHI,NO,3.0,17.0,0.0,pass,False
2025_07_NO_CHI,1.0,175.0,CHI,NO,1.0,10.0,1.0,run,False
2025_07_NO_CHI,1.0,139.0,CHI,NO,2.0,9.0,11.0,pass,False
2025_07_NO_CHI,1.0,101.0,CHI,NO,1.0,10.0,1.0,run,False
2025_07_NO_CHI,1.0,64.0,CHI,NO,2.0,9.0,0.0,pass,False
2025_07_NO_CHI,1.0,61.0,CHI,NO,3.0,9.0,20.0,pass,True
2025_07_NO_CHI,1.0,27.0,CHI,NO,1.0,10.0,-1.0,run,False
2025_07_NO_CHI,2.0,900.0,CHI,NO,2.0,11.0,3.0,run,False
2025_07_NO_CHI,2.0,863.0,CHI,NO,3.0,8.0,0.0,pass,False
2025_07_NO_CHI,2.0,666.0,CHI,NO,1.0,10.0,8.0,run,False
2025_07_NO_CHI,2.0,625.0,CHI,NO,2.0,2.0,0.0,run,False
2025_07_NO_CHI,2.0,587.0,CHI,NO,3.0,2.0,11.0,run,True
2025_07_NO_CHI,2.0,550.0,CHI,NO,1.0,10.0,11.0,run,True
2025_07_NO_CHI,2.0,446.0,CHI,NO,1.0,10.0,5.0,run,False
2025_07_NO_CHI,2.0,406.0,CHI,NO,2.0,5.0,6.0,run,False
2025_07_NO_CHI,2.0,364.0,CHI,NO,1.0,10.0,26.0,pass,True
2025_07_NO_CHI,2.0,318.0,CHI,NO,1.0,10.0,0.0,pass,False
2025_07_NO_CHI,2.0,306.0,CHI,NO,2.0,10.0,8.0,run,False
2025_07_NO_CHI,2.0,262.0,CHI,NO,3.0,7.0,9.0,pass,False
2025_07_NO_CHI,2.0,221.0,CHI,NO,1.0,6.0,5.0,run,False
2025_07_NO_CHI,2.0,173.0,CHI,NO,2.0,1.0,1.0,run,False
2025_07_NO_CHI,2.0,98.0,CHI,NO,1.0,10.0,0.0,pass,False
2025_07_NO_CHI,2.0,91.0,CHI,NO,2.0,10.0,0.0,pass,False
2025_07_NO_CHI,2.0,83.0,CHI,NO,3.0,10.0,6.0,pass,False
2025_07_NO_CHI,2.0,16.0,CHI,NO,1.0,10.0,0.0,pass,False
2025_07_NO_CHI,2.0,7.0,CHI,NO,2.0,10.0,10.0,run,True
2025_07_NO_CHI,3.0,573.0,CHI,NO,1.0,10.0,11.0,pass,False
2025_07_NO_CHI,3.0,544.0,CHI,NO,1.0,10.0,22.0,pass,True
2025_07_NO_CHI,3.0,510.0,CHI,NO,1.0,10.0,17.0,run,True
2025_07_NO_CHI,3.0,436.0,CHI,NO,1.0,10.0,15.0,run,True
2025_07_NO_CHI,3.0,391.0,CHI,NO,1.0,7.0,2.0,run,False
2025_07_NO_CHI,3.0,353.0,CHI,NO,2.0,5.0,2.0,run,False
2025_07_NO_CHI,3.0,310.0,CHI,NO,3.0,3.0,2.0,run,False
2025_07_NO_CHI,3.0,155.0,CHI,NO,1.0,10.0,6.0,pass,False
2025_07_NO_CHI,3.0,114.0,CHI,NO,2.0,4.0,7.0,pass,False
2025_07_NO_CHI,3.0,81.0,CHI,NO,1.0,10.0,9.0,run,False
2025_07_NO_CHI,3.0,42.0,CHI,NO,2.0,1.0,2.0,run,False
2025_07_NO_CHI,4.0,900.0,CHI,NO,1.0,10.0,0.0,pass,False
2025_07_NO_CHI,4.0,890.0,CHI,NO,2.0,10.0,4.0,run,False
2025_07_NO_CHI,4.0,851.0,CHI,NO,3.0,6.0,-8.0,pass,False
2025_07_NO_CHI,4.0,640.0,CHI,NO,1.0,10.0,23.0,run,True
2025_07_NO_CHI,4.0,604.0,CHI,NO,1.0,10.0,14.0,pass,False
2025_07_NO_CHI,4.0,557.0,CHI,NO,1.0,10.0,7.0,pass,False
2025_07_NO_CHI,4.0,516.0,CHI,NO,2.0,3.0,8.0,run,False
2025_07_NO_CHI,4.0,475.0,CHI,NO,1.0,10.0,0.0,run,False
2025_07_NO_CHI,4.0,433.0,CHI,NO,2.0,10.0,0.0,pass,False
2025_07_NO_CHI,4.0,429.0,CHI,NO,3.0,15.0,4.0,run,False
2025_07_NO_CHI,4.0,260.0,CHI,NO,1.0,10.0,24.0,run,True
2025_07_NO_CHI,4.0,214.0,CHI,NO,1.0,10.0,0.0,run,False
2025_07_NO_CHI,4.0,210.0,CHI,NO,2.0,10.0,11.0,run,True
2025_07_NO_CHI,4.0,204.0,CHI,NO,1.0,10.0,5.0,run,False
2025_07_NO_CHI,4.0,200.0,CHI,NO,2.0,5.0,0.0,run,False
2025_07_NO_CHI,4.0,153.0,CHI,NO,3.0,5.0,2.0,run,False
2025_07_NO_CHI,4.0,120.0,CHI,NO,4.0,3.0,8.0,pass,False
2025_08_CHI_BAL,1.0,895.0,CHI,BAL,1.0,10.0,18.0,pass,False
2025_08_CHI_BAL,1.0,862.0,CHI,BAL,1.0,10.0,1.0,run,False
2025_08_CHI_BAL,1.0,828.0,CHI,BAL,2.0,9.0,16.0,pass,False
2025_08_CHI_BAL,1.0,794.0,CHI,BAL,1.0,10.0,3.0,run,False
2025_08_CHI_BAL,1.0,755.0,CHI,BAL,2.0,7.0,10.0,run,True
2025_08_CHI_BAL,1.0,720.0,CHI,BAL,1.0,10.0,13.0,pass,False
2025_08_CHI_BAL,1.0,678.0,CHI,BAL,1.0,10.0,7.0,run,False
2025_08_CHI_BAL,1.0,638.0,CHI,BAL,2.0,3.0,2.0,run,False
2025_08_CHI_BAL,1.0,582.0,CHI,BAL,3.0,6.0,7.0,pass,False
2025_08_CHI_BAL,1.0,536.0,CHI,BAL,1.0,6.0,3.0,run,False
2025_08_CHI_BAL,1.0,496.0,CHI,BAL,2.0,3.0,-2.0,run,False
2025_08_CHI_BAL,1.0,452.0,CHI,BAL,3.0,5.0,-9.0,pass,False
2025_08_CHI_BAL,1.0,274.0,CHI,BAL,1.0,10.0,15.0,run,True
2025_08_CHI_BAL,1.0,246.0,CHI,BAL,1.0,10.0,0.0,pass,False
2025_08_CHI_BAL,1.0,240.0,CHI,BAL,2.0,10.0,4.0,pass,False
2025_08_CHI_BAL,1.0,202.0,CHI,BAL,1.0,10.0,21.0,pass,True
2025_08_CHI_BAL,1.0,156.0,CHI,BAL,1.0,10.0,4.0,pass,False
2025_08_CHI_BAL,1.0,122.0,CHI,BAL,2.0,6.0,-1.0,run,False
2025_08_CHI_BAL,1.0,85.0,CHI,BAL,3.0,7.0,10.0,pass,False
2025_08_CHI_BAL,1.0,52.0,CHI,BAL,1.0,10.0,3.0,run,False
2025_08_CHI_BAL,1.0,16.0,CHI,BAL,2.0,7.0,0.0,pass,False
2025_08_CHI_BAL,1.0,11.0,CHI,BAL,3.0,7.0,0.0,pass,False
2025_08_CHI_BAL,2.0,488.0,CHI,BAL,1.0,10.0,0.0,run,False
2025_08_CHI_BAL,2.0,451.0,CHI,BAL,2.0,10.0,1.0,pass,False
2025_08_CHI_BAL,2.0,414.0,CHI,BAL,3.0,9.0,0.0,pass,False
2025_08_CHI_BAL,2.0,62.0,CHI,BAL,1.0,10.0,6.0,pass,False
2025_08_CHI_BAL,2.0,57.0,CHI,BAL,2.0,4.0,22.0,run,True
2025_08_CHI_BAL,2.0,49.0,CHI,BAL,1.0,10.0,5.0,pass,False
2025_08_CHI_BAL,2.0,26.0,CHI,BAL,2.0,5.0,0.0,pass,False
2025_08_CHI_BAL,2.0,22.0,CHI,BAL,3.0,15.0,9.0,pass,False
2025_08_CHI_BAL,3.0,599.0,CHI,BAL,1.0,10.0,3.0,run,False
2025_08_CHI_BAL,3.0,565.0,CHI,BAL,2.0,7.0,-1.0,pass,False
2025_08_CHI_BAL,3.0,526.0,CHI,BAL,3.0,8.0,5.0,pass,False
2025_08_CHI_BAL,3.0,207.0,CHI,BAL,1.0,10.0,5.0,run,False
2025_08_CHI_BAL,3.0,163.0,CHI,BAL,2.0,5.0,13.0,run,True
2025_08_CHI_BAL,3.0,124.0,CHI,BAL,1.0,10.0,3.0,pass,False
2025_08_CHI_BAL,3.0,90.0,CHI,BAL,2.0,7.0,1.0,run,False
2025_08_CHI_BAL,3.0,57.0,CHI,BAL,3.0,6.0,27.0,pass,True
2025_08_CHI_BAL,3.0,16.0,CHI,BAL,1.0,10.0,-2.0,run,False
2025_08_CHI_BAL,4.0,900.0,CHI,BAL,2.0,12.0,6.0,run,False
2025_08_CHI_BAL,4.0,854.0,CHI,BAL,3.0,6.0,25.0,pass,True
2025_08_CHI_BAL,4.0,826.0,CHI,BAL,1.0,5.0,4.0,run,False
2025_08_CHI_BAL,4.0,787.0,CHI,BAL,2.0,1.0,-1.0,run,False
2025_08_CHI_BAL,4.0,746.0,CHI,BAL,3.0,2.0,2.0,run,False
2025_08_CHI_BAL,4.0,588.0,CHI,BAL,1.0,12.0,2.0,run,False
2025_08_CHI_BAL,4.0,548.0,CHI,BAL,2.0,10.0,0.0,pass,False
2025_08_CHI_BAL,4.0,489.0,CHI,BAL,1.0,10.0,0.0,pass,False
2025_08_CHI_BAL,4.0,479.0,CHI,BAL,2.0,10.0,0.0,pass,False
2025_08_CHI_BAL,4.0,476.0,CHI,BAL,3.0,10.0,10.0,pass,False
2025_08_CHI_BAL,4.0,459.0,CHI,BAL,1.0,10.0,4.0,pass,False
2025_08_CHI_BAL,4.0,425.0,CHI,BAL,2.0,6.0,18.0,pass,False
2025_08_CHI_BAL,4.0,396.0,CHI,BAL,1.0,10.0,11.0,pass,False
2025_08_CHI_BAL,4.0,360.0,CHI,BAL,1.0,10.0,5.0,pass,False
2025_08_CHI_BAL,4.0,325.0,CHI,BAL,2.0,5.0,0.0,pass,False
2025_08_CHI_BAL,4.0,316.0,CHI,BAL,3.0,5.0,0.0,pass,False
2025_08_CHI_BAL,4.0,129.0,CHI,BAL,1.0,10.0,20.0,pass,True
2025_08_CHI_BAL,4.0,120.0,CHI,BAL,1.0,10.0,0.0,pass,False
2025_08_CHI_BAL,4.0,116.0,CHI,BAL,2.0,10.0,42.0,pass,True
2025_08_CHI_BAL,4.0,78.0,CHI,BAL,1.0,3.0,0.0,pass,False
2025_08_CHI_BAL,4.0,74.0,CHI,BAL,2.0,3.0,2.0,pass,False
2025_08_CHI_BAL,4.0,59.0,CHI,BAL,3.0,1.0,0.0,run,False
2025_08_CHI_BAL,4.0,29.0,CHI,BAL,4.0,1.0,0.0,pass,False
2025_09_CHI_CIN,1.0,883.0,CHI,CIN,1.0,10.0,0.0,pass,False
2025_09_CHI_CIN,1.0,878.0,CHI,CIN,2.0,10.0,5.0,run,False
2025_09_CHI_CIN,1.0,837.0,CHI,CIN,3.0,5.0,9.0,pass,False
2025_09_CHI_CIN,1.0,802.0,CHI,CIN,1.0,10.0,0.0,pass,False
2025_09_CHI_CIN,1.0,795.0,CHI,CIN,2.0,10.0,0.0,pass,False
2025_09_CHI_CIN,1.0,771.0,CHI,CIN,1.0,10.0,16.0,pass,False
2025_09_CHI_CIN,1.0,732.0,CHI,CIN,1.0,10.0,9.0,run,False
2025_09_CHI_CIN,1.0,701.0,CHI,CIN,2.0,1.0,19.0,pass,False
2025_09_CHI_CIN,1.0,658.0,CHI,CIN,1.0,10.0,2.0,run,False
2025_09_CHI_CIN,1.0,615.0,CHI,CIN,2.0,8.0,5.0,run,False
2025_09_CHI_CIN,1.0,570.0,CHI,CIN,3.0,3.0,1.0,run,False
2025_09_CHI_CIN,1.0,530.0,CHI,CIN,4.0,2.0,2.0,pass,False
2025_09_CHI_CIN,1.0,335.0,CHI,CIN,1.0,10.0,13.0,run,True
2025_09_CHI_CIN,1.0,303.0,CHI,CIN,1.0,10.0,13.0,run,True
2025_09_CHI_CIN,1.0,251.0,CHI,CIN,1.0,15.0,8.0,run,False
2025_09_CHI_CIN,1.0,213.0,CHI,CIN,2.0,7.0,2.0,run,False
2025_09_CHI_CIN,1.0,173.0,CHI,CIN,3.0,5.0,9.0,run,False
2025_09_CHI_CIN,1.0,137.0,CHI,CIN,1.0,10.0,4.0,run,False
2025_09_CHI_CIN,1.0,99.0,CHI,CIN,2.0,6.0,0.0,pass,False
2025_09_CHI_CIN,1.0,57.0,CHI,CIN,3.0,6.0,0.0,pass,False
2025_09_CHI_CIN,1.0,49.0,CHI,CIN,4.0,1.0,5.0,run,False
2025_09_CHI_CIN,1.0,9.0,CHI,CIN,1.0,10.0,5.0,run,False
2025_09_CHI_CIN,2.0,900.0,CHI,CIN,2.0,5.0,15.0,pass,False
2025_09_CHI_CIN,2.0,732.0,CHI,CIN,1.0,10.0,4.0,run,False
2025_09_CHI_CIN,2.0,704.0,CHI,CIN,2.0,6.0,-7.0,pass,False
2025_09_CHI_CIN,2.0,659.0,CHI,CIN,3.0,13.0,11.0,pass,False
2025_09_CHI_CIN,2.0,322.0,CHI,CIN,1.0,20.0,3.0,pass,False
2025_09_CHI_CIN,2.0,282.0,CHI,CIN,2.0,17.0,13.0,run,True
2025_09_CHI_CIN,2.0,241.0,CHI,CIN,3.0,4.0,10.0,pass,False
2025_09_CHI_CIN,2.0,218.0,CHI,CIN,1.0,10.0,7.0,run,False
2025_09_CHI_CIN,2.0,188.0,CHI,CIN,2.0,3.0,10.0,pass,False
2025_09_CHI_CIN,2.0,146.0,CHI,CIN,1.0,10.0,0.0,pass,False
2025_09_CHI_CIN,2.0,139.0,CHI,CIN,2.0,10.0,18.0,run,True
2025_09_CHI_CIN,2.0,120.0,CHI,CIN,1.0,10.0,2.0,run,False
2025_09_CHI_CIN,2.0,107.0,CHI,CIN,2.0,8.0,6.0,run,False
2025_09_CHI_CIN,2.0,102.0,CHI,CIN,3.0,2.0,0.0,pass,False
2025_09_CHI_CIN,2.0,64.0,CHI,CIN,1.0,10.0,0.0,pass,False
2025_09_CHI_CIN,2.0,55.0,CHI,CIN,2.0,10.0,7.0,pass,False
2025_09_CHI_CIN,2.0,49.0,CHI,CIN,3.0,3.0,13.0,pass,False
2025_09_CHI_CIN,2.0,46.0,CHI,CIN,1.0,10.0,0.0,pass,False
2025_09_CHI_CIN,2.0,38.0,CHI,CIN,2.0,10.0,8.0,run,False
2025_09_CHI_CIN,2.0,31.0,CHI,CIN,3.0,2.0,23.0,pass,True
2025_09_CHI_CIN,2.0,26.0,CHI,CIN,1.0,10.0,0.0,pass,False
2025_09_CHI_CIN,2.0,21.0,CHI,CIN,2.0,10.0,0.0,pass,False
2025_09_CHI_CIN,2.0,12.0,CHI,CIN,3.0,10.0,0.0,pass,False
2025_09_CHI_CIN,3.0,895.0,CHI,CIN,1.0,10.0,0.0,pass,False
2025_09_CHI_CIN,3.0,891.0,CHI,CIN,2.0,10.0,14.0,pass,False
2025_09_CHI_CIN,3.0,846.0,CHI,CIN,1.0,10.0,7.0,run,False
2025_09_CHI_CIN,3.0,808.0,CHI,CIN,2.0,3.0,4.0,run,False
2025_09_CHI_CIN,3.0,769.0,CHI,CIN,1.0,10.0,11.0,pass,False
2025_09_CHI_CIN,3.0,728.0,CHI,CIN,1.0,10.0,14.0,pass,False
2025_09_CHI_CIN,3.0,686.0,CHI,CIN,1.0,10.0,11.0,pass,False
2025_09_CHI_CIN,3.0,644.0,CHI,CIN,1.0,10.0,7.0,run,False
2025_09_CHI_CIN,3.0,594.0,CHI,CIN,2.0,3.0,2.0,run,False
2025_09_CHI_CIN,3.0,569.0,CHI,CIN,1.0,3.0,0.0,pass,False
2025_09_CHI_CIN,3.0,565.0,CHI,CIN,2.0,3.0,2.0,run,False
2025_09_CHI_CIN,3.0,494.0,CHI,CIN,3.0,5.0,5.0,pass,False
2025_09_CHI_CIN,3.0,315.0,CHI,CIN,1.0,10.0,9.0,run,False
2025_09_CHI_CIN,3.0,285.0,CHI,CIN,2.0,1.0,31.0,pass,True
2025_09_CHI_CIN,3.0,244.0,CHI,CIN,1.0,10.0,3.0,run,False
2025_09_CHI_CIN,3.0,205.0,CHI,CIN,2.0,7.0,6.0,run,False
2025_09_CHI_CIN,3.0,162.0,CHI,CIN,3.0,1.0,3.0,run,False
2025_09_CHI_CIN,3.0,123.0,CHI,CIN,1.0,10.0,22.0,run,True
2025_09_CHI_CIN,4.0,894.0,CHI,CIN,1.0,10.0,20.0,pass,True
2025_09_CHI_CIN,4.0,852.0,CHI,CIN,1.0,10.0,0.0,pass,False
2025_09_CHI_CIN,4.0,816.0,CHI,CIN,2.0,10.0,2.0,run,False
2025_09_CHI_CIN,4.0,771.0,CHI,CIN,3.0,8.0,-2.0,pass,False
2025_09_CHI_CIN,4.0,353.0,CHI,CIN,1.0,10.0,39.0,run,True
2025_09_CHI_CIN,4.0,303.0,CHI,CIN,1.0,10.0,17.0,run,True
2025_09_CHI_CIN,4.0,162.0,CHI,CIN,1.0,10.0,1.0,run,False
2025_09_CHI_CIN,4.0,155.0,CHI,CIN,2.0,11.0,1.0,run,False
2025_09_CHI_CIN,4.0,150.0,CHI,CIN,3.0,10.0,5.0,run,False
2025_09_CHI_CIN,4.0,50.0,CHI,CIN,1.0,10.0,0.0,pass,False
2025_09_CHI_CIN,4.0,42.0,CHI,CIN,2.0,10.0,0.0,pass,False
2025_09_CHI_CIN,4.0,35.0,CHI,CIN,3.0,10.0,14.0,run,True
2025_09_CHI_CIN,4.0,25.0,CHI,CIN,1.0,10.0,58.0,pass,True
2025_09_CHI_CIN,4.0,17.0,CHI,CIN,0.0,0.0,0.0,pass,False
2025_10_NYG_CHI,1.0,900.0,CHI,NYG,1.0,10.0,9.0,pass,False
2025_10_NYG_CHI,1.0,862.0,CHI,NYG,2.0,1.0,15.0,pass,False
2025_10_NYG_CHI,1.0,824.0,CHI,NYG,1.0,10.0,0.0,pass,False
2025_10_NYG_CHI,1.0,820.0,CHI,NYG,2.0,10.0,3.0,run,False
2025_10_NYG_CHI,1.0,783.0,CHI,NYG,3.0,7.0,3.0,pass,False
2025_10_NYG_CHI,1.0,741.0,CHI,NYG,4.0,4.0,0.0,pass,False
2025_10_NYG_CHI,1.0,562.0,CHI,NYG,1.0,10.0,0.0,pass,False
2025_10_NYG_CHI,1.0,555.0,CHI,NYG,2.0,10.0,1.0,run,False
2025_10_NYG_CHI,1.0,501.0,CHI,NYG,1.0,10.0,2.0,run,False
2025_10_NYG_CHI,1.0,463.0,CHI,NYG,2.0,8.0,15.0,pass,False
2025_10_NYG_CHI,1.0,427.0,CHI,NYG,1.0,10.0,1.0,run,False
2025_10_NYG_CHI,1.0,390.0,CHI,NYG,2.0,9.0,0.0,pass,False
2025_10_NYG_CHI,1.0,382.0,CHI,NYG,3.0,9.0,15.0,pass,False
2025_10_NYG_CHI,1.0,346.0,CHI,NYG,1.0,8.0,8.0,run,False
2025_10_NYG_CHI,1.0,214.0,CHI,NYG,1.0,10.0,3.0,run,False
2025_10_NYG_CHI,1.0,172.0,CHI,NYG,2.0,7.0,12.0,run,True
2025_10_NYG_CHI,1.0,131.0,CHI,NYG,1.0,10.0,5.0,pass,False
2025_10_NYG_CHI,1.0,91.0,CHI,NYG,2.0,5.0,1.0,run,False
2025_10_NYG_CHI,1.0,51.0,CHI,NYG,3.0,4.0,0.0,pass,False
2025_10_NYG_CHI,2.0,786.0,CHI,NYG,1.0,10.0,27.0,pass,True
2025_10_NYG_CHI,2.0,743.0,CHI,NYG,1.0,10.0,0.0,pass,False
2025_10_NYG_CHI,2.0,736.0,CHI,NYG,2.0,10.0,2.0,run,False
2025_10_NYG_CHI,2.0,693.0,CHI,NYG,3.0,8.0,0.0,pass,False
2025_10_NYG_CHI,2.0,326.0,CHI,NYG,1.0,10.0,25.0,run,True
2025_10_NYG_CHI,2.0,284.0,CHI,NYG,1.0,10.0,6.0,run,False
2025_10_NYG_CHI,2.0,214.0,CHI,NYG,2.0,9.0,4.0,run,False
2025_10_NYG_CHI,2.0,174.0,CHI,NYG,3.0,5.0,3.0,pass,False
2025_10_NYG_CHI,2.0,133.0,CHI,NYG,4.0,2.0,9.0,run,False
2025_10_NYG_CHI,2.0,120.0,CHI,NYG,1.0,10.0,-3.0,pass,False
2025_10_NYG_CHI,2.0,83.0,CHI,NYG,2.0,13.0,5.0,pass,False
2025_10_NYG_CHI,2.0,78.0,CHI,NYG,3.0,8.0,4.0,run,False
2025_10_NYG_CHI,2.0,73.0,CHI,NYG,4.0,4.0,0.0,pass,False
2025_10_NYG_CHI,3.0,729.0,CHI,NYG,1.0,10.0,5.0,run,False
2025_10_NYG_CHI,3.0,691.0,CHI,NYG,2.0,5.0,1.0,run,False
2025_10_NYG_CHI,3.0,652.0,CHI,NYG,3.0,4.0,5.0,run,False
2025_10_NYG_CHI,3.0,614.0,CHI,NYG,1.0,10.0,0.0,pass,False
2025_10_NYG_CHI,3.0,608.0,CHI,NYG,2.0,10.0,5.0,pass,False
2025_10_NYG_CHI,3.0,565.0,CHI,NYG,3.0,5.0,0.0,pass,False
2025_10_NYG_CHI,3.0,305.0,CHI,NYG,1.0,10.0,10.0,pass,False
2025_10_NYG_CHI,3.0,266.0,CHI,NYG,1.0,10.0,11.0,run,True
2025_10_NYG_CHI,3.0,193.0,CHI,NYG,1.0,10.0,9.0,pass,False
2025_10_NYG_CHI,3.0,148.0,CHI,NYG,2.0,1.0,20.0,pass,True
2025_10_NYG_CHI,3.0,116.0,CHI,NYG,1.0,10.0,5.0,pass,False
2025_10_NYG_CHI,3.0,79.0,CHI,NYG,2.0,5.0,1.0,run,False
2025_10_NYG_CHI,3.0,42.0,CHI,NYG,3.0,4.0,0.0,pass,False
2025_10_NYG_CHI,4.0,612.0,CHI,NYG,1.0,10.0,9.0,run,False
2025_10_NYG_CHI,4.0,581.0,CHI,NYG,2.0,1.0,0.0,pass,False
2025_10_NYG_CHI,4.0,576.0,CHI,NYG,3.0,1.0,-2.0,run,False
2025_10_NYG_CHI,4.0,531.0,CHI,NYG,4.0,3.0,0.0,pass,False
2025_10_NYG_CHI,4.0,373.0,CHI,NYG,1.0,10.0,7.0,run,False
2025_10_NYG_CHI,4.0,352.0,CHI,NYG,2.0,3.0,10.0,pass,False
2025_10_NYG_CHI,4.0,338.0,CHI,NYG,1.0,10.0,0.0,pass,False
2025_10_NYG_CHI,4.0,335.0,CHI,NYG,2.0,10.0,0.0,pass,False
2025_10_NYG_CHI,4.0,329.0,CHI,NYG,3.0,10.0,20.0,pass,True
2025_10_NYG_CHI,4.0,306.0,CHI,NYG,1.0,10.0,0.0,pass,False
2025_10_NYG_CHI,4.0,295.0,CHI,NYG,2.0,10.0,18.0,pass,False
2025_10_NYG_CHI,4.0,271.0,CHI,NYG,1.0,10.0,29.0,run,True
2025_10_NYG_CHI,4.0,239.0,CHI,NYG,1.0,2.0,2.0,pass,False
2025_10_NYG_CHI,4.0,173.0,CHI,NYG,1.0,10.0,7.0,run,False
2025_10_NYG_CHI,4.0,134.0,CHI,NYG,2.0,3.0,27.0,pass,True
2025_10_NYG_CHI,4.0,120.0,CHI,NYG,1.0,10.0,2.0,run,False
2025_10_NYG_CHI,4.0,114.0,CHI,NYG,2.0,8.0,17.0,run,True
2025_11_CHI_MIN,1.0,620.0,CHI,MIN,1.0,10.0,1.0,run,False
2025_11_CHI_MIN,1.0,585.0,CHI,MIN,2.0,9.0,0.0,pass,False
2025_11_CHI_MIN,1.0,576.0,CHI,MIN,3.0,9.0,0.0,pass,False
2025_11_CHI_MIN,1.0,471.0,CHI,MIN,1.0,10.0,4.0,run,False
2025_11_CHI_MIN,1.0,433.0,CHI,MIN,2.0,6.0,-3.0,pass,False
2025_11_CHI_MIN,1.0,399.0,CHI,MIN,3.0,9.0,0.0,pass,False
2025_11_CHI_MIN,1.0,125.0,CHI,MIN,1.0,10.0,0.0,run,False
2025_11_CHI_MIN,1.0,83.0,CHI,MIN,2.0,25.0,24.0,pass,True
2025_11_CHI_MIN,1.0,57.0,CHI,MIN,3.0,1.0,3.0,run,False
2025_11_CHI_MIN,1.0,15.0,CHI,MIN,1.0,10.0,0.0,pass,False
2025_11_CHI_MIN,1.0,8.0,CHI,MIN,2.0,10.0,6.0,run,False
2025_11_CHI_MIN,2.0,900.0,CHI,MIN,3.0,4.0,0.0,pass,False
2025_11_CHI_MIN,2.0,800.0,CHI,MIN,1.0,10.0,7.0,run,False
2025_11_CHI_MIN,2.0,761.0,CHI,MIN,2.0,3.0,8.0,run,False
2025_11_CHI_MIN,2.0,725.0,CHI,MIN,1.0,10.0,14.0,pass,False
2025_11_CHI_MIN,2.0,683.0,CHI,MIN,1.0,10.0,6.0,run,False
2025_11_CHI_MIN,2.0,644.0,CHI,MIN,2.0,4.0,1.0,run,False
2025_11_CHI_MIN,2.0,606.0,CHI,MIN,3.0,3.0,3.0,run,False
2025_11_CHI_MIN,2.0,563.0,CHI,MIN,1.0,10.0,7.0,pass,False
2025_11_CHI_MIN,2.0,533.0,CHI,MIN,2.0,3.0,3.0,run,False
2025_11_CHI_MIN,2.0,492.0,CHI,MIN,1.0,10.0,9.0,pass,False
2025_11_CHI_MIN,2.0,456.0,CHI,MIN,2.0,1.0,0.0,pass,False
2025_11_CHI_MIN,2.0,452.0,CHI,MIN,3.0,1.0,3.0,run,False
2025_11_CHI_MIN,2.0,416.0,CHI,MIN,1.0,10.0,5.0,run,False
2025_11_CHI_MIN,2.0,378.0,CHI,MIN,2.0,5.0,1.0,run,False
2025_11_CHI_MIN,2.0,336.0,CHI,MIN,3.0,4.0,6.0,run,False
2025_11_CHI_MIN,2.0,297.0,CHI,MIN,1.0,1.0,1.0,run,False
2025_11_CHI_MIN,2.0,214.0,CHI,MIN,1.0,10.0,-2.0,run,False
2025_11_CHI_MIN,2.0,180.0,CHI,MIN,2.0,12.0,7.0,pass,False
2025_11_CHI_MIN,2.0,133.0,CHI,MIN,3.0,5.0,0.0,pass,False
2025_11_CHI_MIN,2.0,35.0,CHI,MIN,1.0,15.0,0.0,pass,False
2025_11_CHI_MIN,2.0,31.0,CHI,MIN,2.0,15.0,14.0,pass,False
2025_11_CHI_MIN,2.0,25.0,CHI,MIN,3.0,1.0,0.0,pass,False
2025_11_CHI_MIN,3.0,895.0,CHI,MIN,1.0,10.0,-1.0,run,False
2025_11_CHI_MIN,3.0,861.0,CHI,MIN,2.0,11.0,17.0,pass,False
2025_11_CHI_MIN,3.0,831.0,CHI,MIN,1.0,10.0,8.0,pass,False
2025_11_CHI_MIN,3.0,794.0,CHI,MIN,2.0,2.0,-1.0,run,False
2025_11_CHI_MIN,3.0,758.0,CHI,MIN,3.0,3.0,7.0,run,False
2025_11_CHI_MIN,3.0,720.0,CHI,MIN,1.0,10.0,5.0,pass,False
2025_11_CHI_MIN,3.0,683.0,CHI,MIN,2.0,5.0,0.0,pass,False
2025_11_CHI_MIN,3.0,680.0,CHI,MIN,3.0,5.0,-2.0,run,False
2025_11_CHI_MIN,3.0,438.0,CHI,MIN,1.0,10.0,2.0,run,False
2025_11_CHI_MIN,3.0,402.0,CHI,MIN,2.0,8.0,0.0,pass,False
2025_11_CHI_MIN,3.0,374.0,CHI,MIN,3.0,13.0,16.0,pass,False
2025_11_CHI_MIN,3.0,342.0,CHI,MIN,1.0,10.0,16.0,run,True
2025_11_CHI_MIN,3.0,301.0,CHI,MIN,1.0,10.0,18.0,pass,False
2025_11_CHI_MIN,3.0,277.0,CHI,MIN,1.0,10.0,11.0,pass,False
2025_11_CHI_MIN,3.0,228.0,CHI,MIN,1.0,10.0,4.0,run,False
2025_11_CHI_MIN,3.0,181.0,CHI,MIN,2.0,6.0,3.0,run,False
2025_11_CHI_MIN,3.0,140.0,CHI,MIN,3.0,3.0,0.0,pass,False
2025_11_CHI_MIN,3.0,64.0,CHI,MIN,1.0,10.0,8.0,pass,False
2025_11_CHI_MIN,3.0,27.0,CHI,MIN,2.0,2.0,3.0,run,False
2025_11_CHI_MIN,4.0,900.0,CHI,MIN,1.0,10.0,-1.0,pass,False
2025_11_CHI_MIN,4.0,860.0,CHI,MIN,2.0,11.0,0.0,pass,False
2025_11_CHI_MIN,4.0,852.0,CHI,MIN,3.0,11.0,-12.0,pass,False
2025_11_CHI_MIN,4.0,753.0,CHI,MIN,1.0,10.0,9.0,run,False
2025_11_CHI_MIN,4.0,713.0,CHI,MIN,2.0,1.0,11.0,run,True
2025_11_CHI_MIN,4.0,670.0,CHI,MIN,1.0,10.0,8.0,run,False
2025_11_CHI_MIN,4.0,626.0,CHI,MIN,2.0,2.0,3.0,run,False
2025_11_CHI_MIN,4.0,586.0,CHI,MIN,1.0,10.0,0.0,pass,False
2025_11_CHI_MIN,4.0,582.0,CHI,MIN,2.0,10.0,7.0,run,False
2025_11_CHI_MIN,4.0,535.0,CHI,MIN,3.0,3.0,0.0,run,False
2025_11_CHI_MIN,4.0,438.0,CHI,MIN,1.0,10.0,-3.0,run,False
2025_11_CHI_MIN,4.0,397.0,CHI,MIN,2.0,13.0,0.0,pass,False
2025_11_CHI_MIN,4.0,392.0,CHI,MIN,3.0,13.0,24.0,pass,True
2025_11_CHI_MIN,4.0,349.0,CHI,MIN,1.0,10.0,9.0,run,False
2025_11_CHI_MIN,4.0,310.0,CHI,MIN,2.0,1.0,4.0,run,False
2025_11_CHI_MIN,4.0,262.0,CHI,MIN,1.0,15.0,-4.0,run,False
2025_11_CHI_MIN,4.0,221.0,CHI,MIN,2.0,19.0,0.0,pass,False
2025_11_CHI_MIN,4.0,209.0,CHI,MIN,3.0,19.0,14.0,pass,False
2025_11_CHI_MIN,4.0,42.0,CHI,MIN,1.0,10.0,4.0,run,False
2025_11_CHI_MIN,4.0,37.0,CHI,MIN,2.0,6.0,-2.0,run,False
2025_11_CHI_MIN,4.0,33.0,CHI,MIN,3.0,8.0,7.0,run,False
2025_12_PIT_CHI,1.0,894.0,CHI,PIT,1.0,10.0,1.0,run,False
2025_12_PIT_CHI,1.0,859.0,CHI,PIT,2.0,9.0,3.0,run,False
2025_12_PIT_CHI,1.0,816.0,CHI,PIT,3.0,6.0,0.0,pass,False
2025_12_PIT_CHI,1.0,755.0,CHI,PIT,1.0,10.0,0.0,pass,False
2025_12_PIT_CHI,1.0,750.0,CHI,PIT,2.0,10.0,9.0,run,False
2025_12_PIT_CHI,1.0,709.0,CHI,PIT,3.0,1.0,4.0,run,False
2025_12_PIT_CHI,1.0,673.0,CHI,PIT,1.0,10.0,5.0,run,False
2025_12_PIT_CHI,1.0,638.0,CHI,PIT,2.0,5.0,9.0,run,False
2025_12_PIT_CHI,1.0,597.0,CHI,PIT,1.0,10.0,17.0,pass,False
2025_12_PIT_CHI,1.0,555.0,CHI,PIT,1.0,10.0,1.0,run,False
2025_12_PIT_CHI,1.0,512.0,CHI,PIT,1.0,5.0,5.0,pass,False
2025_12_PIT_CHI,2.0,900.0,CHI,PIT,1.0,20.0,0.0,pass,False
2025_12_PIT_CHI,2.0,894.0,CHI,PIT,2.0,20.0,-10.0,pass,False
2025_12_PIT_CHI,2.0,877.0,CHI,PIT,1.0,10.0,0.0,run,False
2025_12_PIT_CHI,2.0,838.0,CHI,PIT,2.0,10.0,17.0,pass,False
2025_12_PIT_CHI,2.0,795.0,CHI,PIT,1.0,10.0,5.0,run,False
2025_12_PIT_CHI,2.0,761.0,CHI,PIT,2.0,5.0,3.0,run,False
2025_12_PIT_CHI,2.0,726.0,CHI,PIT,3.0,2.0,1.0,run,False
2025_12_PIT_CHI,2.0,526.0,CHI,PIT,1.0,10.0,0.0,pass,False
2025_12_PIT_CHI,2.0,520.0,CHI,PIT,2.0,10.0,0.0,pass,False
2025_12_PIT_CHI,2.0,516.0,CHI,PIT,3.0,10.0,9.0,pass,False
2025_12_PIT_CHI,2.0,473.0,CHI,PIT,4.0,1.0,8.0,run,False
2025_12_PIT_CHI,2.0,446.0,CHI,PIT,1.0,10.0,3.0,pass,False
2025_12_PIT_CHI,2.0,408.0,CHI,PIT,2.0,7.0,15.0,run,True
2025_12_PIT_CHI,2.0,366.0,CHI,PIT,1.0,10.0,-4.0,run,False
2025_12_PIT_CHI,2.0,323.0,CHI,PIT,2.0,14.0,22.0,pass,True
2025_12_PIT_CHI,2.0,285.0,CHI,PIT,1.0,10.0,0.0,pass,False
2025_12_PIT_CHI,2.0,282.0,CHI,PIT,2.0,10.0,5.0,run,False
2025_12_PIT_CHI,2.0,240.0,CHI,PIT,3.0,5.0,12.0,pass,False
2025_12_PIT_CHI,2.0,57.0,CHI,PIT,1.0,5.0,0.0,pass,False
2025_12_PIT_CHI,2.0,52.0,CHI,PIT,2.0,5.0,0.0,pass,False
2025_12_PIT_CHI,2.0,47.0,CHI,PIT,3.0,5.0,10.0,pass,False
2025_12_PIT_CHI,2.0,42.0,CHI,PIT,1.0,10.0,6.0,pass,False
2025_12_PIT_CHI,2.0,30.0,CHI,PIT,2.0,9.0,0.0,pass,False
2025_12_PIT_CHI,2.0,25.0,CHI,PIT,3.0,9.0,19.0,pass,False
2025_12_PIT_CHI,2.0,7.0,CHI,PIT,2.0,10.0,0.0,pass,False
2025_12_PIT_CHI,3.0,676.0,CHI,PIT,1.0,10.0,17.0,pass,False
2025_12_PIT_CHI,3.0,630.0,CHI,PIT,1.0,10.0,14.0,pass,False
2025_12_PIT_CHI,3.0,587.0,CHI,PIT,1.0,10.0,5.0,pass,False
2025_12_PIT_CHI,3.0,557.0,CHI,PIT,2.0,20.0,14.0,pass,False
2025_12_PIT_CHI,3.0,513.0,CHI,PIT,3.0,6.0,25.0,pass,True
2025_12_PIT_CHI,3.0,383.0,CHI,PIT,1.0,10.0,0.0,pass,False
2025_12_PIT_CHI,3.0,377.0,CHI,PIT,2.0,10.0,0.0,pass,False
2025_12_PIT_CHI,3.0,371.0,CHI,PIT,3.0,10.0,9.0,pass,False
2025_12_PIT_CHI,3.0,232.0,CHI,PIT,1.0,10.0,20.0,pass,True
2025_12_PIT_CHI,3.0,190.0,CHI,PIT,1.0,10.0,8.0,run,False
2025_12_PIT_CHI,3.0,159.0,CHI,PIT,2.0,2.0,0.0,pass,False
2025_12_PIT_CHI,3.0,156.0,CHI,PIT,3.0,2.0,2.0,run,False
2025_12_PIT_CHI,3.0,112.0,CHI,PIT,1.0,10.0,4.0,pass,False
2025_12_PIT_CHI,3.0,79.0,CHI,PIT,2.0,6.0,12.0,run,True
2025_12_PIT_CHI,3.0,37.0,CHI,PIT,1.0,8.0,5.0,run,False
2025_12_PIT_CHI,4.0,900.0,CHI,PIT,2.0,3.0,1.0,run,False
2025_12_PIT_CHI,4.0,856.0,CHI,PIT,3.0,2.0,2.0,run,False
2025_12_PIT_CHI,4.0,380.0,CHI,PIT,1.0,10.0,0.0,pass,False
2025_12_PIT_CHI,4.0,376.0,CHI,PIT,2.0,10.0,2.0,run,False
2025_12_PIT_CHI,4.0,330.0,CHI,PIT,3.0,13.0,11.0,pass,False
2025_12_PIT_CHI,4.0,113.0,CHI,PIT,1.0,10.0,1.0,run,False
2025_12_PIT_CHI,4.0,107.0,CHI,PIT,2.0,9.0,2.0,run,False
2025_12_PIT_CHI,4.0,102.0,CHI,PIT,3.0,7.0,0.0,pass,False
2025_13_CHI_PHI,1.0,894.0,CHI,PHI,1.0,10.0,3.0,run,False
2025_13_CHI_PHI,1.0,856.0,CHI,PHI,2.0,7.0,6.0,pass,False
2025_13_CHI_PHI,1.0,814.0,CHI,PHI,3.0,1.0,3.0,run,False
2025_13_CHI_PHI,1.0,779.0,CHI,PHI,1.0,10.0,0.0,pass,False
2025_13_CHI_PHI,1.0,774.0,CHI,PHI,2.0,10.0,5.0,run,False
2025_13_CHI_PHI,1.0,736.0,CHI,PHI,3.0,5.0,5.0,pass,False
2025_13_CHI_PHI,1.0,696.0,CHI,PHI,1.0,10.0,11.0,pass,False
2025_13_CHI_PHI,1.0,665.0,CHI,PHI,1.0,10.0,3.0,run,False
2025_13_CHI_PHI,1.0,623.0,CHI,PHI,2.0,7.0,0.0,pass,False
2025_13_CHI_PHI,1.0,619.0,CHI,PHI,3.0,7.0,6.0,run,False
2025_13_CHI_PHI,1.0,576.0,CHI,PHI,4.0,1.0,0.0,run,False
2025_13_CHI_PHI,1.0,417.0,CHI,PHI,1.0,10.0,17.0,run,True
2025_13_CHI_PHI,1.0,387.0,CHI,PHI,1.0,10.0,6.0,pass,False
2025_13_CHI_PHI,1.0,353.0,CHI,PHI,2.0,4.0,5.0,run,False
2025_13_CHI_PHI,1.0,314.0,CHI,PHI,1.0,10.0,5.0,run,False
2025_13_CHI_PHI,1.0,278.0,CHI,PHI,2.0,5.0,23.0,run,True
2025_13_CHI_PHI,1.0,236.0,CHI,PHI,1.0,10.0,0.0,pass,False
2025_13_CHI_PHI,1.0,231.0,CHI,PHI,2.0,10.0,8.0,pass,False
2025_13_CHI_PHI,1.0,192.0,CHI,PHI,3.0,2.0,3.0,run,False
2025_13_CHI_PHI,1.0,144.0,CHI,PHI,1.0,10.0,0.0,pass,False
2025_13_CHI_PHI,1.0,139.0,CHI,PHI,2.0,10.0,8.0,run,False
2025_13_CHI_PHI,1.0,95.0,CHI,PHI,3.0,2.0,3.0,run,False
2025_13_CHI_PHI,2.0,784.0,CHI,PHI,1.0,10.0,17.0,run,True
2025_13_CHI_PHI,2.0,737.0,CHI,PHI,1.0,10.0,3.0,run,False
2025_13_CHI_PHI,2.0,693.0,CHI,PHI,2.0,7.0,0.0,pass,False
2025_13_CHI_PHI,2.0,691.0,CHI,PHI,3.0,7.0,9.0,pass,False
2025_13_CHI_PHI,2.0,656.0,CHI,PHI,1.0,10.0,9.0,pass,False
2025_13_CHI_PHI,2.0,620.0,CHI,PHI,2.0,1.0,0.0,pass,False
2025_13_CHI_PHI,2.0,614.0,CHI,PHI,3.0,1.0,2.0,run,False
2025_13_CHI_PHI,2.0,579.0,CHI,PHI,1.0,10.0,3.0,pass,False
2025_13_CHI_PHI,2.0,542.0,CHI,PHI,2.0,7.0,3.0,run,False
2025_13_CHI_PHI,2.0,512.0,CHI,PHI,3.0,4.0,5.0,run,False
2025_13_CHI_PHI,2.0,469.0,CHI,PHI,1.0,10.0,17.0,run,True
2025_13_CHI_PHI,2.0,425.0,CHI,PHI,1.0,10.0,0.0,pass,False
2025_13_CHI_PHI,2.0,419.0,CHI,PHI,2.0,10.0,0.0,pass,False
2025_13_CHI_PHI,2.0,413.0,CHI,PHI,3.0,10.0,0.0,pass,False
2025_13_CHI_PHI,2.0,299.0,CHI,PHI,1.0,10.0,0.0,run,False
2025_13_CHI_PHI,2.0,260.0,CHI,PHI,2.0,10.0,13.0,pass,False
2025_13_CHI_PHI,2.0,225.0,CHI,PHI,1.0,10.0,0.0,pass,False
2025_13_CHI_PHI,2.0,220.0,CHI,PHI,2.0,10.0,0.0,pass,False
2025_13_CHI_PHI,2.0,217.0,CHI,PHI,3.0,10.0,-10.0,pass,False
2025_13_CHI_PHI,2.0,96.0,CHI,PHI,1.0,10.0,4.0,run,False
2025_13_CHI_PHI,2.0,64.0,CHI,PHI,2.0,6.0,7.0,run,False
2025_13_CHI_PHI,2.0,39.0,CHI,PHI,1.0,10.0,0.0,pass,False
2025_13_CHI_PHI,2.0,33.0,CHI,PHI,2.0,10.0,13.0,pass,False
2025_13_CHI_PHI,2.0,23.0,CHI,PHI,1.0,10.0,0.0,pass,False
2025_13_CHI_PHI,2.0,11.0,CHI,PHI,2.0,20.0,7.0,pass,False
2025_13_CHI_PHI,3.0,829.0,CHI,PHI,1.0,10.0,10.0,run,True
2025_13_CHI_PHI,3.0,795.0,CHI,PHI,1.0,10.0,0.0,pass,False
2025_13_CHI_PHI,3.0,792.0,CHI,PHI,2.0,10.0,5.0,run,False
2025_13_CHI_PHI,3.0,751.0,CHI,PHI,3.0,5.0,0.0,pass,False
2025_13_CHI_PHI,3.0,692.0,CHI,PHI,1.0,10.0,7.0,run,False
2025_13_CHI_PHI,3.0,653.0,CHI,PHI,2.0,3.0,0.0,pass,False
2025_13_CHI_PHI,3.0,612.0,CHI,PHI,3.0,3.0,0.0,pass,False
2025_13_CHI_PHI,3.0,478.0,CHI,PHI,1.0,10.0,5.0,run,False
2025_13_CHI_PHI,3.0,441.0,CHI,PHI,1.0,10.0,9.0,run,False
2025_13_CHI_PHI,3.0,404.0,CHI,PHI,2.0,1.0,0.0,pass,False
2025_13_CHI_PHI,3.0,273.0,CHI,PHI,1.0,10.0,31.0,run,True
2025_13_CHI_PHI,3.0,239.0,CHI,PHI,1.0,10.0,5.0,run,False
2025_13_CHI_PHI,3.0,201.0,CHI,PHI,2.0,5.0,9.0,run,False
2025_13_CHI_PHI,3.0,139.0,CHI,PHI,1.0,15.0,1.0,run,False
2025_13_CHI_PHI,3.0,99.0,CHI,PHI,2.0,14.0,9.0,run,False
2025_13_CHI_PHI,3.0,60.0,CHI,PHI,3.0,5.0,0.0,pass,False
2025_13_CHI_PHI,3.0,56.0,CHI,PHI,4.0,5.0,7.0,pass,False
2025_13_CHI_PHI,3.0,20.0,CHI,PHI,1.0,10.0,9.0,run,False
2025_13_CHI_PHI,4.0,900.0,CHI,PHI,2.0,1.0,6.0,run,False
2025_13_CHI_PHI,4.0,858.0,CHI,PHI,1.0,10.0,5.0,run,False
2025_13_CHI_PHI,4.0,814.0,CHI,PHI,2.0,5.0,6.0,pass,False
2025_13_CHI_PHI,4.0,773.0,CHI,PHI,1.0,4.0,4.0,run,False
2025_13_CHI_PHI,4.0,675.0,CHI,PHI,1.0,10.0,3.0,run,False
2025_13_CHI_PHI,4.0,633.0,CHI,PHI,2.0,7.0,3.0,run,False
2025_13_CHI_PHI,4.0,594.0,CHI,PHI,3.0,4.0,11.0,pass,False
2025_13_CHI_PHI,4.0,550.0,CHI,PHI,1.0,10.0,4.0,run,False
2025_13_CHI_PHI,4.0,511.0,CHI,PHI,2.0,6.0,2.0,pass,False
2025_13_CHI_PHI,4.0,469.0,CHI,PHI,3.0,4.0,10.0,pass,False
2025_13_CHI_PHI,4.0,424.0,CHI,PHI,1.0,10.0,2.0,run,False
2025_13_CHI_PHI,4.0,386.0,CHI,PHI,2.0,8.0,28.0,pass,True
2025_13_CHI_PHI,4.0,189.0,CHI,PHI,1.0,10.0,3.0,run,False
2025_13_CHI_PHI,4.0,185.0,CHI,PHI,2.0,7.0,4.0,run,False
2025_13_CHI_PHI,4.0,179.0,CHI,PHI,3.0,3.0,4.0,run,False
2025_13_CHI_PHI,4.0,169.0,CHI,PHI,1.0,10.0,3.0,run,False
2025_13_CHI_PHI,4.0,126.0,CHI,PHI,2.0,7.0,2.0,run,False
2025_13_CHI_PHI,4.0,120.0,CHI,PHI,3.0,1.0,-3.0,run,False
2025_13_CHI_PHI,4.0,75.0,CHI,PHI,4.0,4.0,0.0,pass,False
2025_14_CHI_GB,1.0,896.0,CHI,GB,1.0,10.0,5.0,run,False
2025_14_CHI_GB,1.0,862.0,CHI,GB,2.0,5.0,0.0,pass,False
2025_14_CHI_GB,1.0,838.0,CHI,GB,3.0,15.0,0.0,pass,False
2025_14_CHI_GB,1.0,347.0,CHI,GB,1.0,10.0,0.0,pass,False
2025_14_CHI_GB,1.0,342.0,CHI,GB,2.0,15.0,0.0,pass,False
2025_14_CHI_GB,1.0,337.0,CHI,GB,3.0,15.0,0.0,pass,False
2025_14_CHI_GB,1.0,181.0,CHI,GB,1.0,10.0,7.0,run,False
2025_14_CHI_GB,1.0,146.0,CHI,GB,2.0,3.0,5.0,run,False
2025_14_CHI_GB,1.0,108.0,CHI,GB,1.0,10.0,2.0,pass,False
2025_14_CHI_GB,1.0,66.0,CHI,GB,2.0,8.0,1.0,run,False
2025_14_CHI_GB,1.0,23.0,CHI,GB,3.0,7.0,0.0,pass,False
2025_14_CHI_GB,2.0,554.0,CHI,GB,1.0,10.0,3.0,run,False
2025_14_CHI_GB,2.0,517.0,CHI,GB,2.0,7.0,4.0,run,False
2025_14_CHI_GB,2.0,478.0,CHI,GB,3.0,3.0,12.0,pass,False
2025_14_CHI_GB,2.0,439.0,CHI,GB,1.0,10.0,0.0,pass,False
2025_14_CHI_GB,2.0,435.0,CHI,GB,2.0,10.0,2.0,run,False
2025_14_CHI_GB,2.0,401.0,CHI,GB,1.0,10.0,3.0,run,False
2025_14_CHI_GB,2.0,364.0,CHI,GB,2.0,7.0,3.0,run,False
2025_14_CHI_GB,2.0,329.0,CHI,GB,3.0,4.0,3.0,run,False
2025_14_CHI_GB,2.0,289.0,CHI,GB,4.0,1.0,5.0,run,False
2025_14_CHI_GB,2.0,251.0,CHI,GB,1.0,10.0,1.0,run,False
2025_14_CHI_GB,2.0,197.0,CHI,GB,1.0,10.0,-4.0,pass,False
2025_14_CHI_GB,2.0,153.0,CHI,GB,2.0,14.0,6.0,run,False
2025_14_CHI_GB,2.0,120.0,CHI,GB,3.0,8.0,1.0,pass,False
2025_14_CHI_GB,2.0,33.0,CHI,GB,1.0,10.0,11.0,pass,False
2025_14_CHI_GB,2.0,27.0,CHI,GB,1.0,10.0,-9.0,pass,False
2025_14_CHI_GB,2.0,21.0,CHI,GB,2.0,19.0,0.0,pass,False
2025_14_CHI_GB,2.0,17.0,CHI,GB,3.0,19.0,10.0,pass,False
2025_14_CHI_GB,3.0,836.0,CHI,GB,1.0,10.0,6.0,pass,False
2025_14_CHI_GB,3.0,800.0,CHI,GB,2.0,4.0,6.0,run,False
2025_14_CHI_GB,3.0,757.0,CHI,GB,1.0,10.0,0.0,pass,False
2025_14_CHI_GB,3.0,750.0,CHI,GB,2.0,10.0,5.0,run,False
2025_14_CHI_GB,3.0,707.0,CHI,GB,3.0,5.0,10.0,pass,False
2025_14_CHI_GB,3.0,666.0,CHI,GB,1.0,10.0,26.0,pass,True
2025_14_CHI_GB,3.0,615.0,CHI,GB,1.0,10.0,4.0,run,False
2025_14_CHI_GB,3.0,572.0,CHI,GB,2.0,6.0,5.0,run,False
2025_14_CHI_GB,3.0,529.0,CHI,GB,3.0,1.0,1.0,run,False
2025_14_CHI_GB,3.0,505.0,CHI,GB,1.0,1.0,1.0,pass,False
2025_14_CHI_GB,3.0,500.0,CHI,GB,0.0,0.0,2.0,run,False
2025_14_CHI_GB,3.0,370.0,CHI,GB,1.0,10.0,16.0,pass,False
2025_14_CHI_GB,3.0,334.0,CHI,GB,1.0,10.0,0.0,pass,False
2025_14_CHI_GB,3.0,292.0,CHI,GB,2.0,10.0,18.0,pass,False
2025_14_CHI_GB,3.0,250.0,CHI,GB,1.0,10.0,3.0,run,False
2025_14_CHI_GB,3.0,209.0,CHI,GB,2.0,7.0,0.0,pass,False
2025_14_CHI_GB,3.0,206.0,CHI,GB,3.0,7.0,0.0,pass,False
2025_14_CHI_GB,3.0,92.0,CHI,GB,1.0,10.0,6.0,run,False
2025_14_CHI_GB,3.0,55.0,CHI,GB,2.0,4.0,3.0,run,False
2025_14_CHI_GB,3.0,17.0,CHI,GB,3.0,1.0,9.0,run,False
2025_14_CHI_GB,4.0,900.0,CHI,GB,1.0,10.0,9.0,run,False
2025_14_CHI_GB,4.0,862.0,CHI,GB,2.0,1.0,0.0,pass,False
2025_14_CHI_GB,4.0,855.0,CHI,GB,3.0,1.0,7.0,run,False
2025_14_CHI_GB,4.0,825.0,CHI,GB,1.0,10.0,7.0,run,False
2025_14_CHI_GB,4.0,782.0,CHI,GB,2.0,3.0,8.0,pass,False
2025_14_CHI_GB,4.0,746.0,CHI,GB,1.0,10.0,7.0,pass,False
2025_14_CHI_GB,4.0,699.0,CHI,GB,2.0,3.0,2.0,run,False
2025_14_CHI_GB,4.0,658.0,CHI,GB,3.0,1.0,8.0,run,False
2025_14_CHI_GB,4.0,619.0,CHI,GB,1.0,10.0,0.0,pass,False
2025_14_CHI_GB,4.0,610.0,CHI,GB,2.0,10.0,2.0,run,False
2025_14_CHI_GB,4.0,573.0,CHI,GB,3.0,8.0,10.0,pass,False
2025_14_CHI_GB,4.0,531.0,CHI,GB,1.0,5.0,0.0,pass,False
2025_14_CHI_GB,4.0,525.0,CHI,GB,2.0,5.0,4.0,run,False
2025_14_CHI_GB,4.0,485.0,CHI,GB,3.0,1.0,1.0,pass,False
2025_14_CHI_GB,4.0,206.0,CHI,GB,1.0,10.0,27.0,pass,True
2025_14_CHI_GB,4.0,167.0,CHI,GB,1.0,10.0,0.0,pass,False
2025_14_CHI_GB,4.0,159.0,CHI,GB,2.0,10.0,24.0,pass,True
2025_14_CHI_GB,4.0,120.0,CHI,GB,1.0,10.0,6.0,run,False
2025_14_CHI_GB,4.0,77.0,CHI,GB,2.0,4.0,3.0,run,False
2025_14_CHI_GB,4.0,35.0,CHI,GB,3.0,1.0,0.0,run,False
2025_14_CHI_GB,4.0,27.0,CHI,GB,4.0,1.0,0.0,pass,False
2025_15_CLE_CHI,1.0,892.0,CHI,CLE,1.0,10.0,0.0,pass,False
2025_15_CLE_CHI,1.0,885.0,CHI,CLE,2.0,15.0,6.0,run,False
2025_15_CLE_CHI,1.0,845.0,CHI,CLE,3.0,9.0,0.0,pass,False
2025_15_CLE_CHI,1.0,678.0,CHI,CLE,1.0,10.0,1.0,run,False
2025_15_CLE_CHI,1.0,619.0,CHI,CLE,2.0,4.0,4.0,run,False
2025_15_CLE_CHI,1.0,584.0,CHI,CLE,1.0,10.0,5.0,pass,False
2025_15_CLE_CHI,1.0,544.0,CHI,CLE,2.0,5.0,10.0,run,True
2025_15_CLE_CHI,1.0,506.0,CHI,CLE,1.0,10.0,11.0,pass,False
2025_15_CLE_CHI,1.0,459.0,CHI,CLE,1.0,6.0,6.0,run,False
2025_15_CLE_CHI,1.0,354.0,CHI,CLE,1.0,10.0,2.0,run,False
2025_15_CLE_CHI,1.0,318.0,CHI,CLE,2.0,8.0,6.0,run,False
2025_15_CLE_CHI,1.0,275.0,CHI,CLE,3.0,2.0,24.0,pass,True
2025_15_CLE_CHI,1.0,230.0,CHI,CLE,1.0,10.0,40.0,pass,True
2025_15_CLE_CHI,1.0,179.0,CHI,CLE,1.0,8.0,5.0,run,False
2025_15_CLE_CHI,1.0,134.0,CHI,CLE,2.0,3.0,0.0,run,False
2025_15_CLE_CHI,1.0,93.0,CHI,CLE,3.0,3.0,3.0,pass,False
2025_15_CLE_CHI,2.0,849.0,CHI,CLE,1.0,10.0,5.0,run,False
2025_15_CLE_CHI,2.0,782.0,CHI,CLE,2.0,15.0,14.0,pass,False
2025_15_CLE_CHI,2.0,738.0,CHI,CLE,3.0,1.0,3.0,run,False
2025_15_CLE_CHI,2.0,701.0,CHI,CLE,1.0,10.0,-1.0,run,False
2025_15_CLE_CHI,2.0,660.0,CHI,CLE,2.0,11.0,6.0,run,False
2025_15_CLE_CHI,2.0,615.0,CHI,CLE,3.0,5.0,6.0,run,False
2025_15_CLE_CHI,2.0,574.0,CHI,CLE,1.0,10.0,2.0,run,False
2025_15_CLE_CHI,2.0,539.0,CHI,CLE,2.0,8.0,19.0,pass,False
2025_15_CLE_CHI,2.0,497.0,CHI,CLE,1.0,10.0,15.0,pass,False
2025_15_CLE_CHI,2.0,460.0,CHI,CLE,1.0,10.0,11.0,pass,False
2025_15_CLE_CHI,2.0,415.0,CHI,CLE,1.0,7.0,-2.0,run,False
2025_15_CLE_CHI,2.0,378.0,CHI,CLE,2.0,9.0,1.0,run,False
2025_15_CLE_CHI,2.0,338.0,CHI,CLE,3.0,8.0,-9.0,pass,False
2025_15_CLE_CHI,2.0,112.0,CHI,CLE,1.0,10.0,9.0,run,False
2025_15_CLE_CHI,2.0,91.0,CHI,CLE,2.0,1.0,0.0,pass,False
2025_15_CLE_CHI,2.0,86.0,CHI,CLE,3.0,1.0,0.0,pass,False
2025_15_CLE_CHI,2.0,40.0,CHI,CLE,1.0,10.0,25.0,pass,True
2025_15_CLE_CHI,2.0,33.0,CHI,CLE,1.0,10.0,0.0,pass,False
2025_15_CLE_CHI,2.0,28.0,CHI,CLE,2.0,10.0,0.0,pass,False
2025_15_CLE_CHI,2.0,23.0,CHI,CLE,3.0,10.0,7.0,pass,False
2025_15_CLE_CHI,2.0,3.0,CHI,CLE,4.0,3.0,16.0,pass,False
2025_15_CLE_CHI,3.0,843.0,CHI,CLE,1.0,10.0,3.0,run,False
2025_15_CLE_CHI,3.0,803.0,CHI,CLE,2.0,7.0,4.0,run,False
2025_15_CLE_CHI,3.0,771.0,CHI,CLE,3.0,3.0,0.0,run,False
2025_15_CLE_CHI,3.0,740.0,CHI,CLE,4.0,3.0,-6.0,pass,False
2025_15_CLE_CHI,3.0,597.0,CHI,CLE,1.0,15.0,6.0,pass,False
2025_15_CLE_CHI,3.0,585.0,CHI,CLE,2.0,9.0,2.0,run,False
2025_15_CLE_CHI,3.0,548.0,CHI,CLE,3.0,7.0,0.0,pass,False
2025_15_CLE_CHI,3.0,526.0,CHI,CLE,1.0,10.0,22.0,pass,True
2025_15_CLE_CHI,3.0,347.0,CHI,CLE,1.0,10.0,-2.0,pass,False
2025_15_CLE_CHI,3.0,309.0,CHI,CLE,2.0,12.0,10.0,run,True
2025_15_CLE_CHI,3.0,253.0,CHI,CLE,1.0,10.0,10.0,run,True
2025_15_CLE_CHI,3.0,212.0,CHI,CLE,1.0,10.0,5.0,run,False
2025_15_CLE_CHI,3.0,172.0,CHI,CLE,2.0,5.0,14.0,run,True
2025_15_CLE_CHI,3.0,126.0,CHI,CLE,1.0,10.0,4.0,run,False
2025_15_CLE_CHI,3.0,84.0,CHI,CLE,2.0,6.0,17.0,pass,False
2025_15_CLE_CHI,3.0,57.0,CHI,CLE,1.0,10.0,0.0,pass,False
2025_15_CLE_CHI,3.0,53.0,CHI,CLE,2.0,10.0,17.0,run,True
2025_15_CLE_CHI,4.0,889.0,CHI,CLE,1.0,10.0,-4.0,run,False
2025_15_CLE_CHI,4.0,856.0,CHI,CLE,2.0,14.0,6.0,run,False
2025_15_CLE_CHI,4.0,816.0,CHI,CLE,3.0,8.0,9.0,pass,False
2025_15_CLE_CHI,4.0,774.0,CHI,CLE,1.0,10.0,0.0,pass,False
2025_15_CLE_CHI,4.0,767.0,CHI,CLE,2.0,15.0,0.0,pass,False
2025_15_CLE_CHI,4.0,763.0,CHI,CLE,3.0,15.0,-8.0,pass,False
2025_15_CLE_CHI,4.0,535.0,CHI,CLE,1.0,10.0,0.0,run,False
2025_15_CLE_CHI,4.0,498.0,CHI,CLE,2.0,14.0,3.0,run,False
2025_15_CLE_CHI,4.0,460.0,CHI,CLE,3.0,11.0,0.0,pass,False
2025_16_GB_CHI,1.0,587.0,CHI,GB,1.0,10.0,7.0,run,False
2025_16_GB_CHI,1.0,548.0,CHI,GB,2.0,3.0,9.0,run,False
2025_16_GB_CHI,1.0,503.0,CHI,GB,1.0,10.0,15.0,pass,False
2025_16_GB_CHI,1.0,473.0,CHI,GB,1.0,10.0,9.0,run,False
2025_16_GB_CHI,1.0,439.0,CHI,GB,2.0,1.0,27.0,pass,True
2025_16_GB_CHI,1.0,402.0,CHI,GB,1.0,10.0,12.0,run,True
2025_16_GB_CHI,1.0,356.0,CHI,GB,1.0,10.0,6.0,run,False
2025_16_GB_CHI,1.0,311.0,CHI,GB,2.0,4.0,0.0,run,False
2025_16_GB_CHI,1.0,274.0,CHI,GB,3.0,4.0,3.0,run,False
2025_16_GB_CHI,1.0,235.0,CHI,GB,4.0,1.0,0.0,run,False
2025_16_GB_CHI,2.0,759.0,CHI,GB,1.0,10.0,6.0,run,False
2025_16_GB_CHI,2.0,716.0,CHI,GB,2.0,4.0,3.0,pass,False
2025_16_GB_CHI,2.0,677.0,CHI,GB,3.0,1.0,7.0,run,False
2025_16_GB_CHI,2.0,642.0,CHI,GB,1.0,10.0,0.0,pass,False
2025_16_GB_CHI,2.0,639.0,CHI,GB,2.0,10.0,2.0,run,False
2025_16_GB_CHI,2.0,590.0,CHI,GB,3.0,13.0,0.0,pass,False
2025_16_GB_CHI,2.0,101.0,CHI,GB,1.0,10.0,14.0,pass,False
2025_16_GB_CHI,2.0,78.0,CHI,GB,1.0,10.0,0.0,pass,False
2025_16_GB_CHI,2.0,73.0,CHI,GB,2.0,10.0,6.0,pass,False
2025_16_GB_CHI,2.0,55.0,CHI,GB,3.0,4.0,0.0,pass,False
2025_16_GB_CHI,3.0,894.0,CHI,GB,1.0,10.0,2.0,run,False
2025_16_GB_CHI,3.0,859.0,CHI,GB,2.0,8.0,34.0,pass,True
2025_16_GB_CHI,3.0,822.0,CHI,GB,1.0,10.0,-2.0,run,False
2025_16_GB_CHI,3.0,787.0,CHI,GB,2.0,12.0,0.0,pass,False
2025_16_GB_CHI,3.0,782.0,CHI,GB,3.0,12.0,4.0,pass,False
2025_16_GB_CHI,3.0,417.0,CHI,GB,1.0,10.0,13.0,run,True
2025_16_GB_CHI,3.0,376.0,CHI,GB,1.0,10.0,3.0,run,False
2025_16_GB_CHI,3.0,340.0,CHI,GB,2.0,7.0,-1.0,run,False
2025_16_GB_CHI,3.0,307.0,CHI,GB,3.0,8.0,4.0,pass,False
2025_16_GB_CHI,3.0,27.0,CHI,GB,1.0,10.0,4.0,run,False
2025_16_GB_CHI,4.0,900.0,CHI,GB,2.0,6.0,22.0,pass,True
2025_16_GB_CHI,4.0,863.0,CHI,GB,1.0,10.0,9.0,run,False
2025_16_GB_CHI,4.0,829.0,CHI,GB,2.0,1.0,7.0,run,False
2025_16_GB_CHI,4.0,796.0,CHI,GB,1.0,10.0,6.0,run,False
2025_16_GB_CHI,4.0,756.0,CHI,GB,2.0,4.0,8.0,run,False
2025_16_GB_CHI,4.0,716.0,CHI,GB,1.0,10.0,0.0,pass,False
2025_16_GB_CHI,4.0,708.0,CHI,GB,2.0,10.0,1.0,run,False
2025_16_GB_CHI,4.0,661.0,CHI,GB,3.0,9.0,0.0,pass,False
2025_16_GB_CHI,4.0,297.0,CHI,GB,1.0,10.0,11.0,pass,False
2025_16_GB_CHI,4.0,276.0,CHI,GB,1.0,10.0,0.0,pass,False
2025_16_GB_CHI,4.0,271.0,CHI,GB,2.0,10.0,0.0,pass,False
2025_16_GB_CHI,4.0,266.0,CHI,GB,3.0,10.0,9.0,run,False
2025_16_GB_CHI,4.0,240.0,CHI,GB,4.0,1.0,12.0,run,True
2025_16_GB_CHI,4.0,217.0,CHI,GB,1.0,10.0,0.0,pass,False
2025_16_GB_CHI,4.0,212.0,CHI,GB,2.0,10.0,0.0,pass,False
2025_16_GB_CHI,4.0,191.0,CHI,GB,1.0,10.0,0.0,pass,False
2025_16_GB_CHI,4.0,185.0,CHI,GB,2.0,10.0,6.0,pass,False
2025_16_GB_CHI,4.0,164.0,CHI,GB,3.0,9.0,5.0,pass,False
2025_16_GB_CHI,4.0,116.0,CHI,GB,1.0,10.0,3.0,pass,False
2025_16_GB_CHI,4.0,93.0,CHI,GB,2.0,7.0,10.0,pass,False
2025_16_GB_CHI,4.0,72.0,CHI,GB,1.0,10.0,8.0,pass,False
2025_16_GB_CHI,4.0,65.0,CHI,GB,2.0,2.0,20.0,pass,True
2025_16_GB_CHI,4.0,39.0,CHI,GB,1.0,10.0,6.0,pass,False
2025_16_GB_CHI,4.0,36.0,CHI,GB,2.0,4.0,0.0,pass,False
2025_16_GB_CHI,4.0,32.0,CHI,GB,3.0,4.0,0.0,pass,False
2025_16_GB_CHI,4.0,28.0,CHI,GB,4.0,4.0,6.0,pass,False
2025_16_GB_CHI,5.0,370.0,CHI,GB,1.0,10.0,0.0,pass,False
2025_16_GB_CHI,5.0,362.0,CHI,GB,2.0,10.0,7.0,run,False
2025_16_GB_CHI,5.0,338.0,CHI,GB,3.0,3.0,11.0,run,True
2025_16_GB_CHI,5.0,297.0,CHI,GB,1.0,10.0,46.0,pass,True
2025_17_CHI_SF,1.0,652.0,CHI,SF,1.0,10.0,7.0,pass,False
2025_17_CHI_SF,1.0,620.0,CHI,SF,2.0,3.0,0.0,pass,False
2025_17_CHI_SF,1.0,616.0,CHI,SF,3.0,3.0,0.0,pass,False
2025_17_CHI_SF,1.0,464.0,CHI,SF,1.0,10.0,2.0,run,False
2025_17_CHI_SF,1.0,423.0,CHI,SF,2.0,8.0,4.0,run,False
2025_17_CHI_SF,1.0,388.0,CHI,SF,3.0,4.0,0.0,pass,False
2025_17_CHI_SF,1.0,287.0,CHI,SF,1.0,10.0,0.0,pass,False
2025_17_CHI_SF,1.0,282.0,CHI,SF,2.0,10.0,10.0,pass,False
2025_17_CHI_SF,1.0,244.0,CHI,SF,1.0,10.0,8.0,run,False
2025_17_CHI_SF,1.0,206.0,CHI,SF,2.0,2.0,9.0,pass,False
2025_17_CHI_SF,1.0,185.0,CHI,SF,1.0,10.0,35.0,pass,True
2025_17_CHI_SF,2.0,824.0,CHI,SF,1.0,10.0,18.0,run,True
2025_17_CHI_SF,2.0,791.0,CHI,SF,1.0,10.0,11.0,pass,False
2025_17_CHI_SF,2.0,748.0,CHI,SF,1.0,10.0,36.0,pass,True
2025_17_CHI_SF,2.0,198.0,CHI,SF,1.0,10.0,2.0,run,False
2025_17_CHI_SF,2.0,159.0,CHI,SF,2.0,8.0,9.0,run,False
2025_17_CHI_SF,2.0,120.0,CHI,SF,1.0,10.0,3.0,run,False
2025_17_CHI_SF,2.0,88.0,CHI,SF,2.0,7.0,0.0,pass,False
2025_17_CHI_SF,2.0,81.0,CHI,SF,3.0,7.0,0.0,pass,False
2025_17_CHI_SF,3.0,900.0,CHI,SF,1.0,10.0,11.0,pass,False
2025_17_CHI_SF,3.0,863.0,CHI,SF,1.0,10.0,7.0,pass,False
2025_17_CHI_SF,3.0,832.0,CHI,SF,2.0,3.0,5.0,run,False
2025_17_CHI_SF,3.0,793.0,CHI,SF,1.0,10.0,-2.0,run,False
2025_17_CHI_SF,3.0,756.0,CHI,SF,2.0,12.0,-2.0,pass,False
2025_17_CHI_SF,3.0,716.0,CHI,SF,3.0,14.0,19.0,pass,False
2025_17_CHI_SF,3.0,677.0,CHI,SF,1.0,10.0,24.0,pass,True
2025_17_CHI_SF,3.0,638.0,CHI,SF,1.0,3.0,1.0,run,False
2025_17_CHI_SF,3.0,598.0,CHI,SF,2.0,2.0,0.0,pass,False
2025_17_CHI_SF,3.0,595.0,CHI,SF,3.0,2.0,2.0,run,False
2025_17_CHI_SF,3.0,287.0,CHI,SF,1.0,10.0,5.0,run,False
2025_17_CHI_SF,3.0,256.0,CHI,SF,2.0,5.0,10.0,pass,False
2025_17_CHI_SF,3.0,219.0,CHI,SF,1.0,10.0,2.0,run,False
2025_17_CHI_SF,3.0,185.0,CHI,SF,2.0,8.0,0.0,pass,False
2025_17_CHI_SF,3.0,182.0,CHI,SF,3.0,8.0,27.0,pass,True
2025_17_CHI_SF,3.0,153.0,CHI,SF,1.0,10.0,-2.0,run,False
2025_17_CHI_SF,3.0,118.0,CHI,SF,2.0,12.0,11.0,pass,False
2025_17_CHI_SF,3.0,63.0,CHI,SF,3.0,11.0,6.0,run,False
2025_17_CHI_SF,3.0,16.0,CHI,SF,4.0,5.0,9.0,pass,False
2025_17_CHI_SF,4.0,900.0,CHI,SF,1.0,10.0,22.0,run,True
2025_17_CHI_SF,4.0,683.0,CHI,SF,1.0,10.0,25.0,pass,True
2025_17_CHI_SF,4.0,641.0,CHI,SF,1.0,10.0,3.0,run,False
2025_17_CHI_SF,4.0,602.0,CHI,SF,2.0,7.0,6.0,run,False
2025_17_CHI_SF,4.0,561.0,CHI,SF,3.0,1.0,3.0,run,False
2025_17_CHI_SF,4.0,522.0,CHI,SF,1.0,10.0,32.0,pass,True
2025_17_CHI_SF,4.0,475.0,CHI,SF,1.0,15.0,4.0,run,False
2025_17_CHI_SF,4.0,434.0,CHI,SF,2.0,11.0,1.0,pass,False
2025_17_CHI_SF,4.0,412.0,CHI,SF,1.0,10.0,2.0,pass,False
2025_17_CHI_SF,4.0,375.0,CHI,SF,2.0,8.0,-3.0,pass,False
2025_17_CHI_SF,4.0,332.0,CHI,SF,3.0,11.0,0.0,pass,False
2025_17_CHI_SF,4.0,135.0,CHI,SF,1.0,10.0,5.0,run,False
2025_17_CHI_SF,4.0,115.0,CHI,SF,1.0,10.0,0.0,pass,False
2025_17_CHI_SF,4.0,111.0,CHI,SF,2.0,10.0,6.0,pass,False
2025_17_CHI_SF,4.0,84.0,CHI,SF,3.0,4.0,4.0,run,False
2025_17_CHI_SF,4.0,77.0,CHI,SF,1.0,10.0,0.0,pass,False
2025_17_CHI_SF,4.0,73.0,CHI,SF,2.0,10.0,0.0,pass,False
2025_17_CHI_SF,4.0,69.0,CHI,SF,3.0,10.0,14.0,pass,False
2025_17_CHI_SF,4.0,45.0,CHI,SF,1.0,10.0,5.0,pass,False
2025_17_CHI_SF,4.0,40.0,CHI,SF,2.0,5.0,0.0,pass,False
2025_17_CHI_SF,4.0,36.0,CHI,SF,3.0,5.0,0.0,pass,False
2025_17_CHI_SF,4.0,33.0,CHI,SF,4.0,5.0,13.0,pass,False
2025_17_CHI_SF,4.0,26.0,CHI,SF,1.0,10.0,0.0,pass,False
2025_17_CHI_SF,4.0,21.0,CHI,SF,2.0,10.0,11.0,pass,False
2025_17_CHI_SF,4.0,4.0,CHI,SF,2.0,2.0,0.0,pass,False
2025_18_DET_CHI,1.0,508.0,CHI,DET,1.0,10.0,8.0,pass,False
2025_18_DET_CHI,1.0,474.0,CHI,DET,2.0,2.0,1.0,run,False
2025_18_DET_CHI,1.0,438.0,CHI,DET,3.0,1.0,7.0,run,False
2025_18_DET_CHI,1.0,395.0,CHI,DET,1.0,10.0,3.0,run,False
2025_18_DET_CHI,1.0,357.0,CHI,DET,2.0,7.0,10.0,run,True
2025_18_DET_CHI,1.0,314.0,CHI,DET,1.0,10.0,2.0,run,False
2025_18_DET_CHI,1.0,269.0,CHI,DET,2.0,8.0,-1.0,run,False
2025_18_DET_CHI,1.0,231.0,CHI,DET,3.0,9.0,0.0,pass,False
2025_18_DET_CHI,2.0,681.0,CHI,DET,1.0,10.0,0.0,pass,False
2025_18_DET_CHI,2.0,675.0,CHI,DET,2.0,10.0,7.0,pass,False
2025_18_DET_CHI,2.0,638.0,CHI,DET,3.0,3.0,-7.0,pass,False
2025_18_DET_CHI,2.0,275.0,CHI,DET,1.0,10.0,11.0,pass,False
2025_18_DET_CHI,2.0,242.0,CHI,DET,1.0,10.0,4.0,run,False
2025_18_DET_CHI,2.0,215.0,CHI,DET,2.0,6.0,2.0,run,False
2025_18_DET_CHI,2.0,176.0,CHI,DET,3.0,4.0,3.0,run,False
2025_18_DET_CHI,2.0,140.0,CHI,DET,4.0,1.0,11.0,pass,False
2025_18_DET_CHI,2.0,120.0,CHI,DET,1.0,10.0,-3.0,pass,False
2025_18_DET_CHI,2.0,76.0,CHI,DET,2.0,13.0,0.0,pass,False
2025_18_DET_CHI,2.0,72.0,CHI,DET,3.0,13.0,11.0,pass,False
2025_18_DET_CHI,2.0,34.0,CHI,DET,4.0,2.0,0.0,pass,False
2025_18_DET_CHI,3.0,893.0,CHI,DET,1.0,10.0,1.0,run,False
2025_18_DET_CHI,3.0,860.0,CHI,DET,2.0,9.0,5.0,pass,False
2025_18_DET_CHI,3.0,829.0,CHI,DET,3.0,4.0,0.0,pass,False
2025_18_DET_CHI,3.0,629.0,CHI,DET,1.0,10.0,5.0,pass,False
2025_18_DET_CHI,3.0,594.0,CHI,DET,2.0,5.0,10.0,run,True
2025_18_DET_CHI,3.0,560.0,CHI,DET,1.0,10.0,6.0,run,False
2025_18_DET_CHI,3.0,528.0,CHI,DET,2.0,4.0,0.0,pass,False
2025_18_DET_CHI,3.0,523.0,CHI,DET,3.0,4.0,0.0,pass,False
2025_18_DET_CHI,3.0,508.0,CHI,DET,1.0,15.0,11.0,pass,False
2025_18_DET_CHI,3.0,474.0,CHI,DET,2.0,4.0,0.0,pass,False
2025_18_DET_CHI,3.0,131.0,CHI,DET,1.0,10.0,0.0,pass,False
2025_18_DET_CHI,3.0,124.0,CHI,DET,2.0,10.0,6.0,run,False
2025_18_DET_CHI,3.0,81.0,CHI,DET,3.0,4.0,10.0,pass,False
2025_18_DET_CHI,3.0,45.0,CHI,DET,1.0,10.0,3.0,run,False
2025_18_DET_CHI,3.0,8.0,CHI,DET,2.0,7.0,13.0,pass,False
2025_18_DET_CHI,4.0,900.0,CHI,DET,1.0,5.0,3.0,run,False
2025_18_DET_CHI,4.0,860.0,CHI,DET,2.0,2.0,25.0,pass,True
2025_18_DET_CHI,4.0,856.0,CHI,DET,0.0,0.0,2.0,run,False
2025_18_DET_CHI,4.0,681.0,CHI,DET,1.0,10.0,1.0,run,False
2025_18_DET_CHI,4.0,641.0,CHI,DET,2.0,9.0,9.0,pass,False
2025_18_DET_CHI,4.0,607.0,CHI,DET,1.0,10.0,0.0,pass,False
2025_18_DET_CHI,4.0,601.0,CHI,DET,2.0,10.0,0.0,pass,False
2025_18_DET_CHI,4.0,594.0,CHI,DET,3.0,10.0,19.0,pass,False
2025_18_DET_CHI,4.0,546.0,CHI,DET,1.0,10.0,12.0,pass,False
2025_18_DET_CHI,4.0,508.0,CHI,DET,1.0,10.0,8.0,pass,False
2025_18_DET_CHI,4.0,469.0,CHI,DET,2.0,2.0,27.0,pass,True
2025_18_DET_CHI,4.0,428.0,CHI,DET,1.0,10.0,1.0,run,False
2025_18_DET_CHI,4.0,386.0,CHI,DET,2.0,9.0,7.0,pass,False
2025_18_DET_CHI,4.0,351.0,CHI,DET,3.0,2.0,3.0,run,False
2025_18_DET_CHI,4.0,328.0,CHI,DET,1.0,1.0,1.0,pass,False
2025_18_DET_CHI,4.0,325.0,CHI,DET,0.0,0.0,2.0,pass,False
2025_18_DET_CHI,4.0,131.0,CHI,DET,1.0,10.0,0.0,pass,False
2025_18_DET_CHI,4.0,127.0,CHI,DET,2.0,10.0,0.0,pass,False
2025_18_DET_CHI,4.0,122.0,CHI,DET,3.0,20.0,15.0,pass,False
2025_19_GB_CHI,1.0,893.0,CHI,GB,1.0,10.0,1.0,run,False
2025_19_GB_CHI,1.0,858.0,CHI,GB,2.0,9.0,6.0,pass,False
2025_19_GB_CHI,1.0,816.0,CHI,GB,3.0,3.0,5.0,pass,False
2025_19_GB_CHI,1.0,773.0,CHI,GB,1.0,10.0,0.0,pass,False
2025_19_GB_CHI,1.0,769.0,CHI,GB,2.0,10.0,2.0,run,False
2025_19_GB_CHI,1.0,736.0,CHI,GB,3.0,8.0,12.0,pass,False
2025_19_GB_CHI,1.0,699.0,CHI,GB,1.0,10.0,8.0,run,False
2025_19_GB_CHI,1.0,658.0,CHI,GB,2.0,2.0,1.0,run,False
2025_19_GB_CHI,1.0,622.0,CHI,GB,3.0,1.0,9.0,run,False
2025_19_GB_CHI,1.0,586.0,CHI,GB,1.0,10.0,-4.0,run,False
2025_19_GB_CHI,1.0,543.0,CHI,GB,2.0,14.0,2.0,run,False
2025_19_GB_CHI,1.0,505.0,CHI,GB,3.0,12.0,12.0,pass,False
2025_19_GB_CHI,1.0,482.0,CHI,GB,1.0,10.0,0.0,pass,False
2025_19_GB_CHI,1.0,476.0,CHI,GB,2.0,10.0,5.0,run,False
2025_19_GB_CHI,1.0,432.0,CHI,GB,3.0,5.0,0.0,pass,False
2025_19_GB_CHI,1.0,121.0,CHI,GB,1.0,10.0,4.0,run,False
2025_19_GB_CHI,1.0,80.0,CHI,GB,2.0,6.0,1.0,run,False
2025_19_GB_CHI,1.0,41.0,CHI,GB,3.0,5.0,3.0,pass,False
2025_19_GB_CHI,2.0,900.0,CHI,GB,4.0,2.0,18.0,pass,False
2025_19_GB_CHI,2.0,869.0,CHI,GB,1.0,10.0,3.0,run,False
2025_19_GB_CHI,2.0,835.0,CHI,GB,2.0,7.0,0.0,pass,False
2025_19_GB_CHI,2.0,793.0,CHI,GB,3.0,7.0,1.0,run,False
2025_19_GB_CHI,2.0,750.0,CHI,GB,4.0,6.0,0.0,pass,False
2025_19_GB_CHI,2.0,398.0,CHI,GB,1.0,10.0,2.0,run,False
2025_19_GB_CHI,2.0,360.0,CHI,GB,2.0,8.0,3.0,run,False
2025_19_GB_CHI,2.0,323.0,CHI,GB,3.0,5.0,0.0,pass,False
2025_19_GB_CHI,2.0,319.0,CHI,GB,4.0,5.0,0.0,pass,False
2025_19_GB_CHI,2.0,116.0,CHI,GB,1.0,10.0,22.0,pass,True
2025_19_GB_CHI,2.0,83.0,CHI,GB,1.0,10.0,0.0,pass,False
2025_19_GB_CHI,2.0,78.0,CHI,GB,2.0,10.0,0.0,pass,False
2025_19_GB_CHI,2.0,75.0,CHI,GB,3.0,10.0,6.0,run,False
2025_19_GB_CHI,2.0,37.0,CHI,GB,4.0,4.0,0.0,pass,False
2025_19_GB_CHI,3.0,833.0,CHI,GB,1.0,10.0,3.0,run,False
2025_19_GB_CHI,3.0,795.0,CHI,GB,2.0,7.0,0.0,pass,False
2025_19_GB_CHI,3.0,790.0,CHI,GB,3.0,7.0,29.0,pass,True
2025_19_GB_CHI,3.0,747.0,CHI,GB,1.0,10.0,19.0,pass,False
2025_19_GB_CHI,3.0,694.0,CHI,GB,1.0,10.0,1.0,run,False
2025_19_GB_CHI,3.0,656.0,CHI,GB,2.0,9.0,-5.0,run,False
2025_19_GB_CHI,3.0,616.0,CHI,GB,3.0,14.0,0.0,pass,False
2025_19_GB_CHI,3.0,508.0,CHI,GB,1.0,10.0,25.0,pass,True
2025_19_GB_CHI,3.0,470.0,CHI,GB,1.0,10.0,2.0,run,False
2025_19_GB_CHI,3.0,430.0,CHI,GB,2.0,8.0,7.0,run,False
2025_19_GB_CHI,3.0,392.0,CHI,GB,3.0,1.0,3.0,run,False
2025_19_GB_CHI,3.0,369.0,CHI,GB,1.0,10.0,15.0,pass,False
2025_19_GB_CHI,3.0,326.0,CHI,GB,1.0,10.0,1.0,run,False
2025_19_GB_CHI,3.0,283.0,CHI,GB,2.0,9.0,5.0,pass,False
2025_19_GB_CHI,3.0,239.0,CHI,GB,3.0,4.0,3.0,run,False
2025_19_GB_CHI,3.0,198.0,CHI,GB,4.0,1.0,0.0,pass,False
2025_19_GB_CHI,3.0,35.0,CHI,GB,1.0,10.0,6.0,pass,False
2025_19_GB_CHI,3.0,3.0,CHI,GB,2.0,4.0,0.0,pass,False
2025_19_GB_CHI,4.0,900.0,CHI,GB,3.0,4.0,5.0,run,False
2025_19_GB_CHI,4.0,861.0,CHI,GB,1.0,10.0,0.0,pass,False
2025_19_GB_CHI,4.0,857.0,CHI,GB,2.0,10.0,0.0,pass,False
2025_19_GB_CHI,4.0,852.0,CHI,GB,3.0,10.0,-9.0,pass,False
2025_19_GB_CHI,4.0,758.0,CHI,GB,1.0,10.0,11.0,run,True
2025_19_GB_CHI,4.0,725.0,CHI,GB,1.0,10.0,22.0,pass,True
2025_19_GB_CHI,4.0,694.0,CHI,GB,1.0,10.0,0.0,pass,False
2025_19_GB_CHI,4.0,690.0,CHI,GB,2.0,10.0,21.0,pass,True
2025_19_GB_CHI,4.0,654.0,CHI,GB,1.0,10.0,0.0,pass,False
2025_19_GB_CHI,4.0,650.0,CHI,GB,2.0,10.0,6.0,run,False
2025_19_GB_CHI,4.0,612.0,CHI,GB,3.0,4.0,6.0,run,False
2025_19_GB_CHI,4.0,390.0,CHI,GB,1.0,10.0,17.0,pass,False
2025_19_GB_CHI,4.0,370.0,CHI,GB,1.0,10.0,7.0,pass,False
2025_19_GB_CHI,4.0,345.0,CHI,GB,2.0,3.0,0.0,pass,False
2025_19_GB_CHI,4.0,341.0,CHI,GB,3.0,3.0,0.0,pass,False
2025_19_GB_CHI,4.0,337.0,CHI,GB,4.0,8.0,27.0,pass,True
2025_19_GB_CHI,4.0,307.0,CHI,GB,1.0,10.0,0.0,pass,False
2025_19_GB_CHI,4.0,303.0,CHI,GB,2.0,10.0,0.0,pass,False
2025_19_GB_CHI,4.0,295.0,CHI,GB,3.0,10.0,22.0,pass,True
2025_19_GB_CHI,4.0,266.0,CHI,GB,1.0,8.0,0.0,pass,False
2025_19_GB_CHI,4.0,261.0,CHI,GB,2.0,8.0,8.0,pass,False
2025_19_GB_CHI,4.0,258.0,CHI,GB,0.0,0.0,2.0,pass,False
2025_19_GB_CHI,4.0,171.0,CHI,GB,1.0,10.0,0.0,pass,False
2025_19_GB_CHI,4.0,163.0,CHI,GB,2.0,10.0,12.0,pass,False
2025_19_GB_CHI,4.0,128.0,CHI,GB,1.0,10.0,6.0,run,False
2025_19_GB_CHI,4.0,120.0,CHI,GB,2.0,4.0,0.0,pass,False
2025_19_GB_CHI,4.0,114.0,CHI,GB,3.0,4.0,23.0,pass,True
2025_19_GB_CHI,4.0,108.0,CHI,GB,1.0,10.0,25.0,pass,True
2025_20_LA_CHI,1.0,893.0,CHI,LA,1.0,10.0,34.0,pass,True
2025_20_LA_CHI,1.0,858.0,CHI,LA,1.0,10.0,6.0,run,False
2025_20_LA_CHI,1.0,825.0,CHI,LA,2.0,4.0,0.0,pass,False
2025_20_LA_CHI,1.0,819.0,CHI,LA,3.0,4.0,2.0,run,False
2025_20_LA_CHI,1.0,782.0,CHI,LA,4.0,2.0,0.0,pass,False
2025_20_LA_CHI,1.0,379.0,CHI,LA,1.0,10.0,-2.0,run,False
2025_20_LA_CHI,1.0,340.0,CHI,LA,2.0,12.0,11.0,pass,False
2025_20_LA_CHI,1.0,297.0,CHI,LA,3.0,1.0,2.0,run,False
2025_20_LA_CHI,1.0,265.0,CHI,LA,1.0,10.0,0.0,pass,False
2025_20_LA_CHI,1.0,256.0,CHI,LA,2.0,10.0,9.0,pass,False
2025_20_LA_CHI,1.0,220.0,CHI,LA,3.0,1.0,13.0,run,True
2025_20_LA_CHI,1.0,179.0,CHI,LA,1.0,10.0,23.0,pass,True
2025_20_LA_CHI,1.0,153.0,CHI,LA,1.0,10.0,15.0,run,True
2025_20_LA_CHI,1.0,112.0,CHI,LA,1.0,9.0,2.0,run,False
2025_20_LA_CHI,1.0,71.0,CHI,LA,2.0,7.0,4.0,run,False
2025_20_LA_CHI,1.0,32.0,CHI,LA,3.0,3.0,0.0,run,False
2025_20_LA_CHI,2.0,900.0,CHI,LA,4.0,3.0,3.0,pass,False
2025_20_LA_CHI,2.0,830.0,CHI,LA,1.0,10.0,0.0,pass,False
2025_20_LA_CHI,2.0,795.0,CHI,LA,2.0,10.0,0.0,pass,False
2025_20_LA_CHI,2.0,791.0,CHI,LA,3.0,10.0,5.0,pass,False
2025_20_LA_CHI,2.0,534.0,CHI,LA,1.0,10.0,3.0,run,False
2025_20_LA_CHI,2.0,501.0,CHI,LA,2.0,7.0,5.0,pass,False
2025_20_LA_CHI,2.0,458.0,CHI,LA,3.0,2.0,10.0,pass,False
2025_20_LA_CHI,2.0,420.0,CHI,LA,1.0,10.0,7.0,pass,False
2025_20_LA_CHI,2.0,383.0,CHI,LA,2.0,3.0,16.0,pass,False
2025_20_LA_CHI,2.0,344.0,CHI,LA,1.0,10.0,0.0,pass,False
2025_20_LA_CHI,2.0,339.0,CHI,LA,2.0,10.0,9.0,run,False
2025_20_LA_CHI,2.0,312.0,CHI,LA,3.0,1.0,0.0,run,False
2025_20_LA_CHI,2.0,270.0,CHI,LA,4.0,1.0,0.0,run,False
2025_20_LA_CHI,2.0,174.0,CHI,LA,1.0,10.0,27.0,pass,True
2025_20_LA_CHI,2.0,134.0,CHI,LA,1.0,10.0,1.0,run,False
2025_20_LA_CHI,2.0,120.0,CHI,LA,2.0,9.0,5.0,pass,False
2025_20_LA_CHI,2.0,78.0,CHI,LA,3.0,4.0,0.0,pass,False
2025_20_LA_CHI,3.0,720.0,CHI,LA,1.0,10.0,3.0,run,False
2025_20_LA_CHI,3.0,684.0,CHI,LA,2.0,7.0,6.0,pass,False
2025_20_LA_CHI,3.0,645.0,CHI,LA,3.0,1.0,2.0,run,False
2025_20_LA_CHI,3.0,599.0,CHI,LA,1.0,10.0,0.0,pass,False
2025_20_LA_CHI,3.0,593.0,CHI,LA,2.0,10.0,8.0,run,False
2025_20_LA_CHI,3.0,548.0,CHI,LA,3.0,2.0,5.0,run,False
2025_20_LA_CHI,3.0,512.0,CHI,LA,1.0,10.0,4.0,run,False
2025_20_LA_CHI,3.0,470.0,CHI,LA,2.0,6.0,0.0,pass,False
2025_20_LA_CHI,3.0,464.0,CHI,LA,3.0,6.0,0.0,pass,False
2025_20_LA_CHI,3.0,330.0,CHI,LA,1.0,10.0,4.0,run,False
2025_20_LA_CHI,3.0,294.0,CHI,LA,2.0,6.0,8.0,run,False
2025_20_LA_CHI,3.0,258.0,CHI,LA,1.0,10.0,0.0,pass,False
2025_20_LA_CHI,3.0,250.0,CHI,LA,2.0,15.0,0.0,pass,False
2025_20_LA_CHI,3.0,220.0,CHI,LA,1.0,10.0,0.0,run,False
2025_20_LA_CHI,3.0,180.0,CHI,LA,2.0,10.0,8.0,run,False
2025_20_LA_CHI,3.0,142.0,CHI,LA,3.0,2.0,9.0,pass,False
2025_20_LA_CHI,3.0,96.0,CHI,LA,1.0,10.0,4.0,run,False
2025_20_LA_CHI,3.0,64.0,CHI,LA,2.0,6.0,5.0,run,False
2025_20_LA_CHI,3.0,27.0,CHI,LA,3.0,1.0,-1.0,run,False
2025_20_LA_CHI,4.0,523.0,CHI,LA,1.0,10.0,0.0,pass,False
2025_20_LA_CHI,4.0,516.0,CHI,LA,2.0,10.0,26.0,run,True
2025_20_LA_CHI,4.0,473.0,CHI,LA,1.0,10.0,4.0,run,False
2025_20_LA_CHI,4.0,435.0,CHI,LA,2.0,6.0,5.0,run,False
2025_20_LA_CHI,4.0,395.0,CHI,LA,3.0,1.0,1.0,run,False
2025_20_LA_CHI,4.0,354.0,CHI,LA,1.0,10.0,0.0,pass,False
2025_20_LA_CHI,4.0,348.0,CHI,LA,2.0,10.0,0.0,pass,False
2025_20_LA_CHI,4.0,343.0,CHI,LA,3.0,10.0,17.0,pass,False
2025_20_LA_CHI,4.0,314.0,CHI,LA,1.0,5.0,2.0,run,False
2025_20_LA_CHI,4.0,269.0,CHI,LA,2.0,3.0,1.0,run,False
2025_20_LA_CHI,4.0,230.0,CHI,LA,3.0,2.0,0.0,run,False
2025_20_LA_CHI,4.0,186.0,CHI,LA,4.0,2.0,0.0,pass,False
2025_20_LA_CHI,4.0,110.0,CHI,LA,1.0,10.0,0.0,pass,False
2025_20_LA_CHI,4.0,105.0,CHI,LA,2.0,10.0,18.0,pass,False
2025_20_LA_CHI,4.0,80.0,CHI,LA,1.0,10.0,12.0,run,True
2025_20_LA_CHI,4.0,54.0,CHI,LA,1.0,10.0,6.0,pass,False
2025_20_LA_CHI,4.0,35.0,CHI,LA,2.0,4.0,0.0,pass,False
2025_20_LA_CHI,4.0,31.0,CHI,LA,3.0,4.0,0.0,pass,False
2025_20_LA_CHI,4.0,27.0,CHI,LA,4.0,4.0,14.0,pass,False
2025_20_LA_CHI,5.0,762.0,CHI,LA,1.0,10.0,12.0,pass,False
2025_20_LA_CHI,5.0,726.0,CHI,LA,1.0,10.0,-3.0,run,False
2025_20_LA_CHI,5.0,691.0,CHI,LA,2.0,13.0,9.0,pass,False
2025_20_LA_CHI,5.0,647.0,CHI,LA,3.0,4.0,4.0,run,False
2025_20_LA_CHI,5.0,605.0,CHI,LA,1.0,10.0,6.0,pass,False
2025_20_LA_CHI,5.0,562.0,CHI,LA,2.0,4.0,-2.0,run,False
2025_20_LA_CHI,5.0,520.0,CHI,LA,3.0,6.0,5.0,pass,False
2025_20_LA_CHI,5.0,484.0,CHI,LA,4.0,1.0,3.0,run,False
2025_20_LA_CHI,5.0,445.0,CHI,LA,1.0,10.0,2.0,run,False
2025_20_LA_CHI,5.0,407.0,CHI,LA,2.0,8.0,0.0,pass,False
